{"stat.drop.reserv.lampoff":1,"stat.walkOneCm":552390,"stat.playerKills":3,"stat.leaveGame":13,"stat.jump":1597,"stat.fallOneCm":105678,"stat.crouchOneCm":5626,"stat.pickup.reserv.rifle":3,"stat.drop.reserv.trapclosed":1,"stat.drop.reserv.toolbox":2,"stat.sprintOneCm":741794,"stat.useItem.minecraft.stone_slab2":7,"stat.pickup.reserv.ammo":64,"stat.pickup.reserv.toolbox":1,"stat.useItem.reserv.trapclosed":7,"stat.damageTaken":2654,"stat.mobKills":12,"stat.useItem.reserv.medkit":1,"stat.flyOneCm":1081477,"stat.deaths":5,"stat.drop":11,"stat.playOneMinute":187123,"stat.sneakTime":2442,"stat.damageDealt":1838,"stat.pickup.reserv.horn":1,"stat.timeSinceDeath":13683,"stat.killEntity.Pig":12,"stat.drop.reserv.ammo":7}