{"stat.drop.reserv.lampoff":5,"stat.walkOneCm":309297,"stat.pickup.reserv.ammo":6,"stat.pickup.reserv.toolbox":2,"stat.useItem.reserv.lampoff":1,"stat.leaveGame":1,"stat.useItem.reserv.trapclosed":5,"stat.damageTaken":955,"stat.pickup.reserv.trapclosed":2,"stat.useItem.reserv.medkit":1,"stat.pickup.reserv.medkit":1,"stat.flyOneCm":604397,"stat.deaths":3,"stat.drop":26,"stat.jump":1388,"stat.playOneMinute":93238,"stat.fallOneCm":27702,"stat.drop.reserv.medkit":3,"stat.sneakTime":2664,"stat.damageDealt":100,"stat.pickup.reserv.horn":1,"stat.crouchOneCm":10216,"stat.pickup.reserv.rifle":1,"stat.timeSinceDeath":13722,"stat.drop.reserv.trapclosed":5,"stat.drop.reserv.toolbox":3,"stat.drop.reserv.horn":1,"stat.sprintOneCm":517357,"stat.useItem.minecraft.stone_slab2":28,"stat.drop.reserv.rifle":3,"stat.pickup.reserv.lampoff":5,"stat.drop.reserv.ammo":67}