{"stat.walkOneCm":672525,"stat.playerKills":5,"stat.leaveGame":4,"stat.jump":1602,"stat.fallOneCm":83787,"stat.crouchOneCm":9490,"stat.pickup.reserv.rifle":2,"stat.drop.reserv.trapclosed":2,"stat.drop.reserv.horn":1,"stat.drop.reserv.toolbox":2,"stat.sprintOneCm":923277,"stat.useItem.minecraft.stone_slab2":10,"stat.pickup.reserv.lampoff":1,"stat.pickup.reserv.ammo":11,"stat.pickup.reserv.toolbox":2,"stat.useItem.reserv.lampoff":3,"stat.useItem.reserv.trapclosed":8,"stat.damageTaken":4686,"stat.pickup.reserv.trapclosed":2,"stat.mobKills":1,"stat.useItem.reserv.medkit":2,"stat.pickup.reserv.medkit":1,"stat.flyOneCm":852075,"stat.deaths":11,"stat.drop":12,"stat.playOneMinute":204274,"stat.sneakTime":3428,"stat.damageDealt":1019,"stat.pickup.reserv.horn":1,"stat.timeSinceDeath":6778,"stat.killEntity.Pig":1,"stat.drop.reserv.ammo":7}