{"stat.useItem.chiselsandbits.chiseled_wood":448,"stat.useItem.minecraft.bow":4,"stat.pickup.minecraft.spruce_door":2,"stat.pickup.minecraft.sign":1,"stat.leaveGame":29,"stat.useItem.chiselsandbits.block_bit":3974,"stat.pickup.blockbuster.actor_config":1,"stat.useItem.minecraft.diamond_sword":3,"stat.killEntity.blockbuster.Actor":1,"stat.jump":9356,"stat.swimOneCm":2986,"stat.useItem.minecraft.experience_bottle":1,"stat.fallOneCm":42190,"stat.pickup.minecraft.porkchop":5,"stat.crouchOneCm":55339,"stat.drop.reserv.trapclosed":3,"stat.useItem.minecraft.stone_slab2":1867,"stat.drop.reserv.rifle":1,"stat.damageTaken":2010,"stat.useItem.chiselsandbits.chiseled_cloth":71,"stat.flyOneCm":13813664,"stat.pickup.minecraft.concrete":1,"stat.pickup.reserv.lampon":1,"stat.damageDealt":1540,"stat.timeSinceDeath":631,"stat.useItem.minecraft.spawn_egg":3,"stat.killEntity.Pig":2,"stat.pickup.chiselsandbits.block_bit":4,"stat.walkOneCm":2261585,"stat.drop.minecraft.wooden_shovel":1,"stat.useItem.minecraft.torch":1,"stat.playerKills":5,"stat.drop.reserv.lampon":1,"stat.useItem.chiselsandbits.chiseled_glass":2,"stat.pickup.minecraft.wooden_shovel":1,"stat.killEntity.Wolf":1,"stat.pickup.minecraft.wooden_button":1,"stat.pickup.minecraft.log":1,"stat.useItem.chiselsandbits.chiseled_grass":2,"stat.pickup.minecraft.stone":1,"stat.pickup.minecraft.sapling":1,"stat.sprintOneCm":1877388,"stat.pickup.reserv.lampoff":1,"stat.pickup.reserv.ammo":6,"stat.pickup.minecraft.grass":1,"stat.pickup.reserv.trapclosed":2,"stat.mobKills":4,"stat.useItem.chiselsandbits.chiseled_rock":145,"stat.useItem.reserv.medkit":1,"stat.drop.chiselsandbits.block_bit":1,"stat.deaths":6,"stat.useItem.minecraft.spruce_door":1,"stat.drop":20,"stat.playOneMinute":1745671,"stat.pickup.minecraft.torch":3,"stat.sneakTime":30396,"stat.pickup.reserv.horn":1,"stat.pickup.minecraft.yellow_flower":3,"stat.drop.minecraft.grass":1,"stat.diveOneCm":340,"stat.drop.reserv.ammo":75}