{"stat.pickup.minecraft.pumpkin":1,"stat.drop.reserv.lampoff":2,"stat.walkOneCm":667915,"stat.drop.minecraft.pumpkin":1,"stat.playerKills":3,"stat.leaveGame":3,"stat.jump":1547,"stat.swimOneCm":60,"stat.fallOneCm":45321,"stat.crouchOneCm":1804,"stat.pickup.reserv.rifle":1,"stat.drop.reserv.trapclosed":2,"stat.drop.reserv.horn":2,"stat.drop.reserv.toolbox":1,"stat.sprintOneCm":1056040,"stat.useItem.minecraft.stone_slab2":9,"stat.pickup.minecraft.bow":1,"stat.drop.reserv.rifle":2,"stat.pickup.reserv.lampoff":3,"stat.drop.minecraft.bow":1,"stat.pickup.reserv.ammo":14,"stat.pickup.reserv.toolbox":4,"stat.useItem.reserv.lampoff":2,"stat.damageTaken":1590,"stat.pickup.reserv.trapclosed":4,"stat.useItem.reserv.medkit":3,"stat.pickup.reserv.medkit":1,"stat.flyOneCm":456852,"stat.deaths":4,"stat.pickup.minecraft.glass_bottle":1,"stat.drop":23,"stat.playOneMinute":214125,"stat.sneakTime":694,"stat.damageDealt":1032,"stat.pickup.reserv.horn":2,"stat.timeSinceDeath":2996,"stat.drop.minecraft.glass_bottle":1,"stat.killEntity.Pig":1,"stat.drop.reserv.ammo":11}