{"stat.useItem.chiselsandbits.chiseled_wood":179,"stat.leaveGame":11,"stat.drop.mw.acr":2,"stat.useItem.chiselsandbits.block_bit":2032,"stat.pickup.mw.mp5a5mag":3,"stat.useItem.chiselsandbits.positiveprint":23,"stat.jump":2944,"stat.swimOneCm":4336,"stat.useItem.minecraft.planks":86,"stat.fallOneCm":3878,"stat.crouchOneCm":50084,"stat.pickup.minecraft.rail":3,"stat.drop.minecraft.book":1,"stat.useItem.minecraft.stone_slab2":203,"stat.useItem.minecraft.water_bucket":4,"stat.pickup.mw.volk":1,"stat.useItem.minecraft.egg":4,"stat.damageTaken":4634,"stat.useItem.chiselsandbits.mirrorprint":2,"stat.useItem.chiselsandbits.chiseled_cloth":9,"stat.pickup.minecraft.planks":9,"stat.flyOneCm":2101983,"stat.damageDealt":96,"stat.timeSinceDeath":7266,"stat.useItem.minecraft.iron_pickaxe":5,"stat.pickup.chiselsandbits.block_bit":1,"stat.walkOneCm":1707175,"stat.playerKills":22,"stat.useItem.chiselsandbits.chiseled_glass":7,"stat.furnaceInteraction":1,"stat.pickup.mw.mg42":1,"stat.pickup.minecraft.iron_pickaxe":1,"stat.pickup.minecraft.web":1,"stat.drop.minecraft.egg":3,"stat.sprintOneCm":223224,"stat.pickup.cfm.item_sausage":1,"stat.drop.cfm.item_sausage":1,"stat.pickup.mw.acr":2,"stat.useItem.chiselsandbits.chiseled_rock":43,"stat.drop.chiselsandbits.block_bit":1,"stat.mineBlock.minecraft.planks":5,"stat.deaths":19,"stat.drop":8,"stat.pickup.minecraft.egg":4,"stat.playOneMinute":815294,"stat.sneakTime":41932}