{"stat.useItem.chiselsandbits.chiseled_wood":337,"stat.walkOneCm":1760880,"stat.playerKills":4,"stat.useItem.chiselsandbits.chiseled_glass":1,"stat.leaveGame":10,"stat.useItem.chiselsandbits.block_bit":7704,"stat.drop.mw.m9a1":1,"stat.jump":1081,"stat.swimOneCm":4722,"stat.fallOneCm":2851,"stat.useItem.minecraft.planks":31,"stat.crouchOneCm":8278,"stat.sprintOneCm":130509,"stat.useItem.minecraft.stone_slab2":455,"stat.useItem.minecraft.water_bucket":2,"stat.boatOneCm":22997,"stat.pickup.mw.srs99":1,"stat.pickup.mw.m1928_thompson":1,"stat.damageTaken":3085,"stat.useItem.chiselsandbits.chiseled_cloth":7,"stat.pickup.minecraft.book":1,"stat.useItem.chiselsandbits.chiseled_rock":174,"stat.drop.chiselsandbits.block_bit":2,"stat.pickup.minecraft.planks":4,"stat.flyOneCm":667564,"stat.useItem.chiselsandbits.chiseled_iron":2,"stat.deaths":14,"stat.drop":3,"stat.playOneMinute":1464974,"stat.pickup.mw.m9a1":1,"stat.pickup.minecraft.torch":1,"stat.pickup.mw.santa_helmet":1,"stat.sneakTime":14655,"stat.damageDealt":90,"stat.timeSinceDeath":9775,"stat.pickup.mw.g36cmag_2":2,"stat.useItem.minecraft.iron_pickaxe":1,"stat.useItem.minecraft.fishing_rod":32,"stat.pickup.chiselsandbits.block_bit":6}