{"stat.flyOneCm":165783,"stat.deaths":16,"stat.walkOneCm":405125,"stat.jump":640,"stat.pickup.mw.m40gasmask_helmet":1,"stat.swimOneCm":1996,"stat.playerKills":17,"stat.playOneMinute":108502,"stat.pickup.mw.m9a1":1,"stat.fallOneCm":3837,"stat.useItem.minecraft.planks":41,"stat.leaveGame":1,"stat.sneakTime":10136,"stat.damageTaken":3505,"stat.damageDealt":50,"stat.crouchOneCm":31038,"stat.pickup.mw.night_stick":1,"stat.timeSinceDeath":7341,"stat.sprintOneCm":84630,"stat.useItem.minecraft.iron_pickaxe":1,"stat.useItem.minecraft.stone_slab2":5}