{"stat.useItem.chiselsandbits.chiseled_wood":598,"stat.useItem.minecraft.bow":5,"stat.drop.mw.sv98":1,"stat.drop.mw.srs99":1,"stat.useItem.minecraft.stone":1,"stat.leaveGame":9,"stat.drop.mw.mkvired_helmet":1,"stat.useItem.chiselsandbits.block_bit":1333,"stat.drop.mw.uzimag_2":5,"stat.useItem.chiselsandbits.positiveprint":222,"stat.jump":1525,"stat.swimOneCm":1440,"stat.useItem.cfm.couch":3,"stat.useItem.minecraft.planks":78,"stat.fallOneCm":2825,"stat.useItem.minecraft.golden_shovel":14,"stat.drop.minecraft.diamond_sword":1,"stat.crouchOneCm":50753,"stat.useItem.minecraft.dirt":1,"stat.useItem.minecraft.stone_slab2":119,"stat.pickup.mw.uzimag_2":5,"stat.drop.mw.mp40mag_2":6,"stat.boatOneCm":13179,"stat.damageTaken":5019,"stat.drop.mw.mg42":1,"stat.useItem.chiselsandbits.chiseled_cloth":14,"stat.pickup.minecraft.planks":2,"stat.drop.mw.honeybadgermag_2":6,"stat.flyOneCm":587833,"stat.drop.mw.tactical_tomahawk":1,"stat.damageDealt":18,"stat.drop.mw.m40gasmask_helmet":1,"stat.timeSinceDeath":5550,"stat.useItem.minecraft.sign":3,"stat.useItem.minecraft.iron_pickaxe":1,"stat.pickup.chiselsandbits.block_bit":1,"stat.walkOneCm":1154347,"stat.drop.mw.santa_helmet":1,"stat.playerKills":15,"stat.pickup.mw.sv98":1,"stat.useItem.chiselsandbits.chiseled_glass":2,"stat.pickup.mw.uzi":3,"stat.drop.mw.aac_honey_badger":1,"stat.pickup.mw.g36c":2,"stat.drop.mw.m9a1":1,"stat.useItem.minecraft.spruce_boat":2,"stat.pickup.minecraft.wooden_button":1,"stat.useItem.cfm.chair_oak":1,"stat.drop.mw.marine_boots":1,"stat.drop.minecraft.planks":1,"stat.drop.minecraft.egg":1,"stat.useItem.minecraft.trapdoor":1,"stat.sprintOneCm":600956,"stat.pickup.mw.honeybadgermag_2":6,"stat.pickup.mw.aac_honey_badger":1,"stat.pickup.cfm.item_sausage":1,"stat.useItem.minecraft.stone_slab":4,"stat.drop.cfm.item_sausage":1,"stat.useItem.minecraft.snowball":116,"stat.drop.minecraft.snowball":16,"stat.useItem.chiselsandbits.chiseled_rock":158,"stat.drop.chiselsandbits.block_bit":1,"stat.drop.mw.night_stick":1,"stat.pickup.mw.har_27":1,"stat.deaths":23,"stat.mineBlock.minecraft.planks":1,"stat.drop":26,"stat.pickup.minecraft.egg":2,"stat.drop.mw.uzi":3,"stat.playOneMinute":493506,"stat.drop.cfm.chair_andesite":1,"stat.sneakTime":27049,"stat.drop.mw.volk":1,"stat.drop.mw.har_27":1,"stat.pickup.mw.g36cmag_2":6,"stat.useItem.minecraft.fishing_rod":75}