{"stat.useItem.minecraft.repeater":9,"stat.leaveGame":28,"stat.useItem.minecraft.bookshelf":1,"stat.useItem.chiselsandbits.block_bit":25782,"stat.useItem.minecraft.skull":19,"stat.swimOneCm":104,"stat.drop.minecraft.skull":2,"stat.useItem.minecraft.concrete_powder":3,"stat.useItem.minecraft.end_rod":4,"stat.pickup.minecraft.cooked_porkchop":1,"stat.enderchestOpened":5,"stat.useItem.minecraft.dirt":11,"stat.useItem.minecraft.stone_slab2":5047,"stat.useItem.chiselsandbits.chiseled_sand":592,"stat.useItem.minecraft.iron_ore":1,"stat.useItem.chiselsandbits.chiseled_cloth":1175,"stat.pickup.minecraft.cobblestone":6,"stat.pickup.minecraft.diamond_hoe":1,"stat.flyOneCm":8823076,"stat.useItem.chiselsandbits.chiseled_iron":410,"stat.killEntity.Villager":2,"stat.pickup.minecraft.redstone":8,"stat.mineBlock.minecraft.iron_ore":1,"stat.timeSinceDeath":773,"stat.useItem.minecraft.sign":24,"stat.useItem.minecraft.iron_pickaxe":12,"stat.useItem.minecraft.spawn_egg":4,"stat.pickup.chiselsandbits.block_bit":3,"stat.useItem.minecraft.lever":3,"stat.useItem.chiselsandbits.chiseled_glass":124,"stat.drop.chiselsandbits.chiseled_rock":2,"stat.mineBlock.minecraft.coal_ore":1,"stat.pickup.minecraft.wooden_button":9,"stat.useItem.minecraft.double_plant":4,"stat.useItem.minecraft.redstone":23,"stat.drop.minecraft.stained_hardened_clay":1,"stat.useItem.minecraft.milk_bucket":2,"stat.sprintOneCm":3441931,"stat.useItem.minecraft.diamond_block":1,"stat.pickup.minecraft.skull":1,"stat.useItem.minecraft.stone_slab":46,"stat.mineBlock.minecraft.diamond_ore":1,"stat.pickup.minecraft.grass":1,"stat.useItem.minecraft.wooden_button":30,"stat.useItem.minecraft.stone_pressure_plate":1,"stat.pickup.chiselsandbits.chiseled_rock":1,"stat.useItem.chiselsandbits.chiseled_rock":7613,"stat.drop.chiselsandbits.block_bit":3,"stat.pickup.minecraft.lever":1,"stat.deaths":12,"stat.drop":15,"stat.playOneMinute":2890018,"stat.pickup.minecraft.stone_button":2,"stat.useItem.minecraft.ladder":2,"stat.useItem.minecraft.diamond_ore":1,"stat.craftItem.minecraft.dye":3,"stat.useItem.minecraft.jukebox":1,"stat.mineBlock.minecraft.gold_ore":1,"stat.chestOpened":1,"stat.useItem.minecraft.lapis_ore":1,"stat.useItem.minecraft.splash_potion":1,"stat.recordPlayed":1,"stat.pickup.minecraft.sign":2,"stat.useItem.minecraft.stone":100,"stat.useItem.minecraft.ender_chest":5,"stat.useItem.minecraft.potion":1,"stat.useItem.chiselsandbits.positiveprint":3302,"stat.drop.minecraft.cooked_porkchop":1,"stat.jump":5814,"stat.useItem.minecraft.sand":3,"stat.pickup.minecraft.coal":1,"stat.fallOneCm":19071,"stat.crouchOneCm":290216,"stat.useItem.minecraft.stone_button":1,"stat.useItem.minecraft.coal_ore":1,"stat.craftingTableInteraction":4,"stat.pickup.minecraft.iron_ore":1,"stat.useItem.minecraft.glass":56,"stat.useItem.minecraft.dispenser":1,"stat.pickup.minecraft.gold_ore":1,"stat.mineBlock.minecraft.lapis_ore":1,"stat.damageTaken":1520,"stat.useItem.minecraft.furnace":1,"stat.drop.minecraft.concrete":3,"stat.pickup.minecraft.dye":4,"stat.drop.minecraft.diamond_hoe":1,"stat.damageDealt":400,"stat.useItem.minecraft.wool":27,"stat.useItem.minecraft.crafting_table":3,"stat.pickup.minecraft.record_wait":1,"stat.useItem.minecraft.iron_bars":6,"stat.useItem.minecraft.command_block":4,"stat.useItem.chiselsandbits.chiseled_ice":29,"stat.walkOneCm":4099163,"stat.useItem.minecraft.torch":17,"stat.useItem.minecraft.chest":1,"stat.useItem.minecraft.pumpkin":2,"stat.useItem.minecraft.observer":4,"stat.useItem.minecraft.cobblestone":2,"stat.useItem.minecraft.gravel":1,"stat.useItem.minecraft.gold_ore":2,"stat.useItem.minecraft.stained_hardened_clay":783,"stat.drop.minecraft.command_block":1,"stat.useItem.minecraft.tallgrass":5,"stat.useItem.minecraft.redstone_ore":1,"stat.useItem.minecraft.concrete":1336,"stat.useItem.chiselsandbits.chiseled_clay":287,"stat.pickup.minecraft.concrete_powder":2,"stat.useItem.minecraft.daylight_detector":1,"stat.mobKills":2,"stat.useItem.minecraft.wooden_pressure_plate":1,"stat.useItem.minecraft.mossy_cobblestone":1,"stat.pickup.minecraft.diamond":1,"stat.mineBlock.minecraft.redstone_ore":1,"stat.sneakTime":334930,"stat.drop.minecraft.grass":1,"stat.mineBlock.minecraft.stone":6,"stat.useItem.minecraft.fishing_rod":3,"stat.useItem.minecraft.sandstone":248,"stat.useItem.minecraft.web":2}