{"stat.chestOpened":2,"stat.useItem.chiselsandbits.chiseled_wood":161,"stat.pickup.cfm.item_spatula":1,"stat.pickup.minecraft.spruce_fence_gate":1,"stat.leaveGame":10,"stat.pickup.minecraft.stone_axe":1,"stat.drop.chiselsandbits.chisel_diamond":1,"stat.useItem.chiselsandbits.block_bit":1870,"stat.useItem.minecraft.potion":1,"stat.drop.minecraft.iron_pickaxe":1,"stat.drop.minecraft.trapdoor":1,"stat.jump":4335,"stat.climbOneCm":3013,"stat.fallOneCm":37824,"stat.crouchOneCm":38650,"stat.pickup.minecraft.painting":1,"stat.useItem.minecraft.stone_slab2":2581,"stat.useItem.minecraft.golden_sword":54,"stat.drop.cfm.item_knife":2,"stat.useItem.minecraft.vine":5,"stat.damageTaken":1761,"stat.useItem.chiselsandbits.chiseled_cloth":177,"stat.useItem.minecraft.stone_shovel":119,"stat.flyOneCm":7310319,"stat.useItem.chiselsandbits.chiseled_iron":22,"stat.pickup.minecraft.wheat_seeds":8,"stat.damageDealt":1906,"stat.sleepInBed":2,"stat.timeSinceDeath":1066329,"stat.drop.minecraft.golden_sword":3,"stat.pickup.minecraft.stained_hardened_clay":1,"stat.flowerPotted":3,"stat.walkOneCm":1492312,"stat.pickup.minecraft.wooden_axe":1,"stat.pickup.minecraft.chainmail_helmet":1,"stat.pickup.minecraft.trapdoor":1,"stat.pickup.cfm.item_knife":4,"stat.pickup.minecraft.shield":1,"stat.useItem.chiselsandbits.chiseled_grass":1,"stat.useItem.minecraft.written_book":2,"stat.sprintOneCm":798334,"stat.useItem.cfm.light_switch_off":2,"stat.pickup.minecraft.potion":1,"stat.pickup.minecraft.grass":1,"stat.useItem.minecraft.wooden_shovel":1,"stat.useItem.chiselsandbits.chiseled_rock":56,"stat.pickup.minecraft.golden_sword":3,"stat.useItem.minecraft.stone_hoe":1,"stat.drop":10,"stat.useItem.chiselsandbits.chiseled_ground":16,"stat.playOneMinute":1066329,"stat.pickup.cfm.stone_path":1,"stat.pickup.minecraft.red_flower":8,"stat.pickup.minecraft.slime_ball":21,"stat.sneakTime":37158,"stat.pickup.chiselsandbits.chisel_diamond":1,"stat.drop.minecraft.grass":1,"stat.drop.minecraft.wooden_axe":1}