{"stat.useItem.chiselsandbits.chiseled_wood":102,"stat.walkOneCm":746369,"stat.pickup.cfm.item_sausage":1,"stat.useItem.minecraft.golden_sword":27,"stat.leaveGame":4,"stat.damageTaken":1044,"stat.useItem.chiselsandbits.block_bit":2094,"stat.useItem.chiselsandbits.chiseled_rock":166,"stat.pickup.minecraft.golden_sword":2,"stat.flyOneCm":2098082,"stat.jump":3022,"stat.playOneMinute":522406,"stat.fallOneCm":16903,"stat.climbOneCm":535,"stat.pickup.minecraft.iron_pickaxe":1,"stat.pickup.minecraft.red_flower":1,"stat.useItem.chiselsandbits.chiseled_grass":49,"stat.sneakTime":7526,"stat.damageDealt":774,"stat.crouchOneCm":1810,"stat.sleepInBed":1,"stat.timeSinceDeath":522406,"stat.useItem.minecraft.written_book":1,"stat.sprintOneCm":217688,"stat.useItem.minecraft.stone_slab2":1062}