{"stat.beaconInteraction":1,"stat.useItem.minecraft.bow":6,"stat.pickup.minecraft.redstone_torch":1,"stat.leaveGame":3,"stat.useItem.chiselsandbits.block_bit":494,"stat.useItem.minecraft.diamond_sword":1,"stat.drop.minecraft.iron_pickaxe":4,"stat.jump":6229,"stat.fallOneCm":125003,"stat.climbOneCm":127,"stat.pickup.minecraft.porkchop":2,"stat.crouchOneCm":13894,"stat.pickup.minecraft.dirt":4,"stat.useItem.minecraft.dirt":3,"stat.useItem.minecraft.stone_slab2":683,"stat.boatOneCm":2885,"stat.useItem.minecraft.golden_sword":190,"stat.pickup.minecraft.repeater":1,"stat.damageTaken":9457,"stat.flyOneCm":4320440,"stat.killEntity.Villager":1,"stat.damageDealt":7859,"stat.sleepInBed":2,"stat.timeSinceDeath":435,"stat.mineBlock.minecraft.dirt":4,"stat.useItem.minecraft.iron_pickaxe":1,"stat.drop.minecraft.golden_sword":4,"stat.useItem.minecraft.spawn_egg":1,"stat.killEntity.Pig":1,"stat.pickup.chiselsandbits.block_bit":2,"stat.walkOneCm":755793,"stat.useItem.minecraft.torch":1,"stat.useItem.minecraft.spruce_boat":1,"stat.talkedToVillager":1,"stat.pickup.minecraft.redstone_block":16,"stat.pickup.minecraft.iron_pickaxe":4,"stat.useItem.minecraft.written_book":22,"stat.sprintOneCm":1236945,"stat.useItem.minecraft.flint_and_steel":43,"stat.mobKills":2,"stat.useItem.chiselsandbits.chiseled_rock":22,"stat.pickup.minecraft.golden_sword":40,"stat.deaths":4,"stat.pickup.chiselsandbits.bit_bag":1,"stat.drop":8,"stat.useItem.chiselsandbits.chiseled_ground":1,"stat.useItem.minecraft.writable_book":1,"stat.playOneMinute":447862,"stat.pickup.minecraft.torch":2,"stat.sneakTime":8547,"stat.pickup.cfm.cabinet_oak":1}