{"stat.walkOneCm":406141,"stat.useItem.minecraft.golden_sword":203,"stat.leaveGame":5,"stat.damageTaken":9213,"stat.pickup.minecraft.golden_sword":38,"stat.flyOneCm":2508526,"stat.deaths":4,"stat.drop":4,"stat.jump":6312,"stat.playOneMinute":236595,"stat.fallOneCm":198348,"stat.climbOneCm":10459,"stat.pickup.minecraft.iron_pickaxe":1,"stat.sneakTime":7770,"stat.damageDealt":8204,"stat.crouchOneCm":22096,"stat.timeSinceDeath":81979,"stat.useItem.minecraft.written_book":7,"stat.sprintOneCm":1087364,"stat.drop.minecraft.golden_sword":4,"stat.useItem.minecraft.stone_slab2":11}