{"stat.craftItem.minecraft.leather_leggings":2,"stat.useItem.minecraft.quartz_block":15,"stat.pickup.minecraft.sign":1,"stat.useItem.minecraft.stone":124,"stat.leaveGame":6,"stat.useItem.cfm.crate":12,"stat.useItem.minecraft.sponge":1,"stat.drop.chiselsandbits.chisel_diamond":1,"stat.useItem.chiselsandbits.block_bit":2109,"stat.drop.minecraft.chainmail_helmet":2,"stat.useItem.minecraft.potion":2,"stat.useItem.minecraft.glowstone":4,"stat.drop.minecraft.iron_pickaxe":2,"stat.useItem.blockbuster.model":8,"stat.killEntity.blockbuster.Actor":2,"stat.jump":2903,"stat.useItem.cfm.couch":21,"stat.useItem.cfm.item_knife":4,"stat.useItem.minecraft.concrete_powder":3,"stat.useItem.minecraft.planks":4,"stat.fallOneCm":46455,"stat.climbOneCm":3466,"stat.drop.chiselsandbits.chiseled_cloth":1,"stat.crouchOneCm":16557,"stat.useItem.minecraft.stone_slab2":835,"stat.useItem.chiselsandbits.chiseled_sand":46,"stat.craftingTableInteraction":2,"stat.useItem.cfm.lamp_off":5,"stat.useItem.minecraft.golden_sword":44,"stat.pickup.minecraft.iron_axe":1,"stat.useItem.cfm.chimney":4,"stat.drop.cfm.item_knife":3,"stat.useItem.cfm.modern_table_outdoor":2,"stat.useItem.minecraft.vine":26,"stat.damageTaken":1262,"stat.useItem.chiselsandbits.chiseled_cloth":4,"stat.useItem.minecraft.anvil":1,"stat.flyOneCm":2716401,"stat.useItem.vehicle.workstation":4,"stat.damageDealt":1925,"stat.sleepInBed":1,"stat.timeSinceDeath":346485,"stat.useItem.minecraft.sign":5,"stat.drop.minecraft.golden_sword":7,"stat.useItem.minecraft.spawn_egg":2,"stat.useItem.minecraft.iron_bars":116,"stat.walkOneCm":387694,"stat.useItem.minecraft.chest":2,"stat.pickup.minecraft.chainmail_helmet":1,"stat.drop.cfm.item_spatula":1,"stat.drop.chiselsandbits.chiseled_rock":1,"stat.useItem.minecraft.cobblestone":1,"stat.craftItem.minecraft.leather_boots":1,"stat.pickup.cfm.item_knife":1,"stat.pickup.minecraft.shield":10,"stat.useItem.vehicle.fuel_drum":17,"stat.useItem.cfm.chair_oak":1,"stat.pickup.minecraft.iron_pickaxe":2,"stat.useItem.minecraft.stained_hardened_clay":3,"stat.sprintOneCm":507556,"stat.useItem.minecraft.concrete":2,"stat.useItem.cfm.coffee_table_oak":9,"stat.drop.minecraft.potion":2,"stat.useItem.cfm.chair_stone":9,"stat.useItem.minecraft.stone_slab":1,"stat.pickup.cfm.crate":9,"stat.pickup.minecraft.potion":2,"stat.useItem.cfm.trampoline":2,"stat.mobKills":2,"stat.useItem.minecraft.stonebrick":8,"stat.useItem.chiselsandbits.chiseled_rock":2145,"stat.pickup.minecraft.golden_sword":3,"stat.useItem.cfm.tree_bottom":1,"stat.useItem.cfm.cabinet_oak":1,"stat.useItem.minecraft.cobblestone_wall":6,"stat.drop":20,"stat.playOneMinute":346485,"stat.craftItem.minecraft.leather_chestplate":1,"stat.useItem.cfm.fire_pit_on":1,"stat.sneakTime":14747,"stat.pickup.chiselsandbits.chisel_diamond":1,"stat.useItem.minecraft.fishing_rod":18}