{"stat.chestOpened":2,"stat.cakeSlicesEaten":5,"stat.useItem.chiselsandbits.chiseled_wood":160,"stat.walkOneCm":1400062,"stat.pickup.minecraft.golden_apple":2,"stat.pickup.chisel.bookshelf_darkoak":1,"stat.useItem.minecraft.fish":1,"stat.leaveGame":10,"stat.pickup.minecraft.iron_sword":1,"stat.useItem.minecraft.diamond_axe":2,"stat.useItem.chiselsandbits.block_bit":3601,"stat.useItem.minecraft.potion":1,"stat.pickup.chisel.concrete_gray":1,"stat.pickup.chisel.brownstone":1,"stat.killEntity.blockbuster.Actor":1,"stat.jump":2839,"stat.swimOneCm":9303,"stat.pickup.minecraft.cooked_chicken":1,"stat.fallOneCm":2468,"stat.crouchOneCm":5895,"stat.sprintOneCm":203453,"stat.useItem.minecraft.stone_slab2":445,"stat.pickup.minecraft.skull":5,"stat.useItem.minecraft.water_bucket":6,"stat.pickup.chisel.block_coal_coke2":2,"stat.boatOneCm":17619,"stat.pickup.chisel.concrete_lightgray1":2,"stat.pickup.chisel.diorite1":1,"stat.pickup.minecraft.potion":2,"stat.damageTaken":70,"stat.useItem.chiselsandbits.chiseled_cloth":1,"stat.pickup.chisel.concrete_lightgray":1,"stat.useItem.chisel.concrete_gray":1,"stat.drop.minecraft.golden_apple":2,"stat.mobKills":1,"stat.useItem.chiselsandbits.chiseled_rock":19,"stat.drop.chiselsandbits.block_bit":1,"stat.flyOneCm":1914259,"stat.drop":3,"stat.playOneMinute":934120,"stat.pickup.minecraft.fish":1,"stat.pickup.minecraft.birch_door":1,"stat.sneakTime":10777,"stat.damageDealt":450,"stat.timeSinceDeath":934120,"stat.pickup.minecraft.stained_hardened_clay":1,"stat.useItem.minecraft.spawn_egg":1,"stat.diveOneCm":21766,"stat.pickup.chiselsandbits.block_bit":1}