{"stat.chestOpened":1,"stat.useItem.minecraft.bow":3,"stat.useItem.chiselsandbits.chiseled_wood":76,"stat.recordPlayed":4,"stat.leaveGame":44,"stat.pickup.minecraft.arrow":1,"stat.useItem.chiselsandbits.block_bit":1755,"stat.useItem.minecraft.diamond_sword":57,"stat.useItem.chiselsandbits.positiveprint":43,"stat.killEntity.blockbuster.Actor":1,"stat.pickup.minecraft.fishing_rod":5,"stat.useItem.killer.firstaidkit":7,"stat.jump":6133,"stat.swimOneCm":4429,"stat.drop.minecraft.skull":32,"stat.fallOneCm":34924,"stat.drop.minecraft.stone":1,"stat.pickup.minecraft.porkchop":7,"stat.crouchOneCm":51304,"stat.useItem.minecraft.stone_slab2":875,"stat.useItem.chiselsandbits.chiseled_sand":7,"stat.drop.killer.dynamite":2,"stat.pickup.killer.fuseitem":1,"stat.boatOneCm":69462,"stat.damageTaken":2058,"stat.useItem.chiselsandbits.chiseled_cloth":30,"stat.useItem.killer.axe":31,"stat.pickup.minecraft.planks":1,"stat.pickup.killer.firstaidkit":1,"stat.flyOneCm":8035965,"stat.useItem.chiselsandbits.chiseled_iron":3,"stat.drop.killer.fuseitem":3,"stat.drop.killer.toolbox":1,"stat.damageDealt":3035,"stat.pickup.minecraft.redstone":2,"stat.pickup.killer.gascan":2,"stat.sleepInBed":1,"stat.timeSinceDeath":398367,"stat.useItem.minecraft.spawn_egg":4,"stat.killEntity.Pig":3,"stat.pickup.chiselsandbits.block_bit":2,"stat.walkOneCm":2339728,"stat.playerKills":4,"stat.useItem.chiselsandbits.chiseled_glass":85,"stat.useItem.killer.collider":2,"stat.pickup.minecraft.wooden_button":5,"stat.drop.minecraft.bedrock":1,"stat.useItem.chiselsandbits.chiseled_grass":15,"stat.drop.blockbuster.model":1,"stat.drop.killer.firstaidkit":3,"stat.pickup.killer.dynamite":4,"stat.drop.killer.gascan":3,"stat.sprintOneCm":2138200,"stat.pickup.minecraft.skull":1114,"stat.useItem.chiselsandbits.chiseled_clay":1,"stat.useItem.minecraft.flint_and_steel":1,"stat.mobKills":13,"stat.useItem.chiselsandbits.chiseled_rock":233,"stat.pickup.killer.axe":2,"stat.deaths":22,"stat.drop":51,"stat.playOneMinute":1395799,"stat.pickup.minecraft.stone_button":1,"stat.sneakTime":23491,"stat.killEntity.Zombie":1,"stat.pickup.minecraft.yellow_flower":1,"stat.diveOneCm":14822}