{"stat.useItem.chiselsandbits.chiseled_wood":26,"stat.walkOneCm":1386312,"stat.playerKills":3,"stat.useItem.chiselsandbits.chiseled_glass":1,"stat.leaveGame":25,"stat.pickup.minecraft.arrow":1,"stat.useItem.chiselsandbits.block_bit":1284,"stat.pickup.blockbuster.model":1,"stat.useItem.killer.firstaidkit":4,"stat.jump":2943,"stat.swimOneCm":7520,"stat.drop.minecraft.skull":13,"stat.fallOneCm":10569,"stat.crouchOneCm":9312,"stat.pickup.killer.dynamite":1,"stat.drop.killer.gascan":2,"stat.sprintOneCm":1461291,"stat.useItem.minecraft.stone_slab2":61,"stat.pickup.minecraft.skull":10,"stat.pickup.killer.fuseitem":1,"stat.boatOneCm":72319,"stat.damageTaken":1716,"stat.useItem.chiselsandbits.chiseled_cloth":5,"stat.mobKills":3,"stat.useItem.chiselsandbits.chiseled_rock":20,"stat.useItem.killer.axe":55,"stat.pickup.killer.firstaidkit":1,"stat.drop.killer.axe":1,"stat.flyOneCm":1232528,"stat.useItem.chiselsandbits.chiseled_iron":1,"stat.deaths":5,"stat.drop":38,"stat.playOneMinute":655099,"stat.sneakTime":11133,"stat.damageDealt":3302,"stat.pickup.killer.gascan":3,"stat.sleepInBed":1,"stat.timeSinceDeath":249717,"stat.useItem.minecraft.spawn_egg":1,"stat.diveOneCm":16217,"stat.useItem.minecraft.fishing_rod":12,"stat.pickup.chiselsandbits.block_bit":64}