{"stat.pickup.killer.fuseitem":1,"stat.walkOneCm":369489,"stat.leaveGame":5,"stat.damageTaken":618,"stat.useItem.killer.axe":10,"stat.pickup.killer.firstaidkit":1,"stat.flyOneCm":238125,"stat.useItem.killer.firstaidkit":5,"stat.jump":260,"stat.swimOneCm":4924,"stat.playOneMinute":125820,"stat.fallOneCm":4601,"stat.sneakTime":2500,"stat.damageDealt":251,"stat.crouchOneCm":6653,"stat.timeSinceDeath":125820,"stat.pickup.killer.dynamite":1,"stat.sprintOneCm":559172,"stat.useItem.minecraft.stone_slab2":1,"stat.diveOneCm":4207}