{"stat.useItem.chiselsandbits.chiseled_wood":5,"stat.walkOneCm":119860,"stat.pickup.minecraft.golden_apple":7,"stat.useItem.chiselsandbits.chiseled_clay":32,"stat.leaveGame":3,"stat.damageTaken":175,"stat.useItem.chiselsandbits.block_bit":2759,"stat.useItem.chiselsandbits.chiseled_rock":34,"stat.drop.chiselsandbits.block_bit":1,"stat.useItem.minecraft.golden_apple":1,"stat.flyOneCm":79850,"stat.drop":1,"stat.jump":323,"stat.playOneMinute":93818,"stat.fallOneCm":2843,"stat.sneakTime":13064,"stat.pickup.minecraft.web":1,"stat.crouchOneCm":11443,"stat.timeSinceDeath":93818,"stat.pickup.minecraft.cooked_fish":1,"stat.sprintOneCm":19837,"stat.useItem.minecraft.stone_slab2":2,"stat.pickup.minecraft.gold_ingot":1,"stat.pickup.chiselsandbits.block_bit":1}