{"stat.chestOpened":12,"stat.useItem.chiselsandbits.chiseled_wood":51,"stat.walkOneCm":917784,"stat.useItem.chiselsandbits.chiseled_glass":11,"stat.leaveGame":15,"stat.pickup.minecraft.iron_sword":1,"stat.pickup.minecraft.dark_oak_door":1,"stat.useItem.chiselsandbits.block_bit":4171,"stat.jump":1163,"stat.swimOneCm":37993,"stat.drop.minecraft.skull":16,"stat.useItem.chiselsandbits.chiseled_grass":12,"stat.crouchOneCm":37007,"stat.sprintOneCm":218940,"stat.useItem.minecraft.stone_slab2":81,"stat.pickup.minecraft.skull":13,"stat.drop.minecraft.iron_sword":1,"stat.boatOneCm":280518,"stat.pickup.minecraft.potion":1,"stat.useItem.chiselsandbits.chiseled_rock":42,"stat.flyOneCm":3027705,"stat.useItem.minecraft.boat":5,"stat.deaths":3,"stat.drop":18,"stat.playOneMinute":871476,"stat.drop.minecraft.sand":1,"stat.sneakTime":29661,"stat.damageDealt":20,"stat.timeSinceDeath":714787,"stat.diveOneCm":151209,"stat.useItem.minecraft.fishing_rod":16}