{"stat.chestOpened":7,"stat.cakeSlicesEaten":4,"stat.useItem.chiselsandbits.chiseled_wood":40,"stat.walkOneCm":743750,"stat.leaveGame":9,"stat.pickup.minecraft.arrow":2,"stat.useItem.chiselsandbits.block_bit":2964,"stat.jump":1755,"stat.swimOneCm":46423,"stat.drop.minecraft.skull":20,"stat.useItem.minecraft.planks":27,"stat.fallOneCm":1876,"stat.useItem.minecraft.dark_oak_boat":2,"stat.pickup.chiselsandbits.chiseled_cloth":1,"stat.useItem.minecraft.fire_charge":10,"stat.crouchOneCm":25042,"stat.sprintOneCm":515702,"stat.useItem.minecraft.stone_slab2":14,"stat.pickup.minecraft.skull":20,"stat.pickup.minecraft.rotten_flesh":2,"stat.drop.minecraft.potion":1,"stat.drop.minecraft.fish":13,"stat.boatOneCm":284087,"stat.pickup.minecraft.potion":2,"stat.damageTaken":728,"stat.useItem.chiselsandbits.chiseled_cloth":9,"stat.mobKills":1,"stat.useItem.chiselsandbits.chiseled_rock":25,"stat.drop.chiselsandbits.block_bit":2,"stat.pickup.minecraft.planks":1,"stat.flyOneCm":2210913,"stat.deaths":4,"stat.useItem.chiselsandbits.chiseled_leaves":1,"stat.drop":37,"stat.playOneMinute":395924,"stat.pickup.minecraft.fish":6,"stat.sneakTime":12221,"stat.damageDealt":538,"stat.drop.minecraft.arrow":2,"stat.timeSinceDeath":119636,"stat.entityKilledBy.Llama":3,"stat.diveOneCm":40516,"stat.useItem.minecraft.fishing_rod":20,"stat.pickup.chiselsandbits.block_bit":3}