{"stat.chestOpened":22,"stat.cakeSlicesEaten":3,"stat.useItem.chiselsandbits.chiseled_wood":80,"stat.useItem.minecraft.iron_axe":1,"stat.leaveGame":8,"stat.useItem.chiselsandbits.block_bit":2092,"stat.pickup.minecraft.beetroot_soup":1,"stat.useItem.chiselsandbits.positiveprint":75,"stat.jump":2435,"stat.swimOneCm":17985,"stat.drop.minecraft.skull":12,"stat.pickup.minecraft.cooked_chicken":1,"stat.fallOneCm":5085,"stat.drop.minecraft.stone":2,"stat.drop.chiselsandbits.chiseled_cloth":2,"stat.pickup.minecraft.carrot":1,"stat.crouchOneCm":80556,"stat.enderchestOpened":3,"stat.pickup.minecraft.spider_eye":1,"stat.pickup.minecraft.dirt":10,"stat.useItem.minecraft.dirt":3,"stat.useItem.minecraft.stone_slab2":331,"stat.pickup.minecraft.melon":2,"stat.drop.minecraft.iron_sword":1,"stat.boatOneCm":174686,"stat.pickup.minecraft.cookie":133,"stat.pickup.minecraft.mushroom_stew":1,"stat.damageTaken":2166,"stat.useItem.chiselsandbits.chiseled_cloth":47,"stat.pickup.minecraft.cobblestone":2,"stat.flyOneCm":1644825,"stat.useItem.chiselsandbits.chiseled_iron":1,"stat.pickup.minecraft.wheat_seeds":1,"stat.pickup.minecraft.fish":68,"stat.pickup.chiselsandbits.chiseled_wood":2,"stat.drop.chiselsandbits.bit_bag":1,"stat.damageDealt":308,"stat.timeSinceDeath":208567,"stat.pickup.chiselsandbits.chiseled_iron":1,"stat.mineBlock.minecraft.dirt":8,"stat.pickup.minecraft.mutton":1,"stat.pickup.chiselsandbits.block_bit":69,"stat.pickup.minecraft.boat":3,"stat.walkOneCm":1309207,"stat.useItem.minecraft.torch":1,"stat.playerKills":2,"stat.pickup.minecraft.cake":1,"stat.useItem.chiselsandbits.chiseled_glass":3,"stat.useItem.minecraft.log":1,"stat.drop.chiselsandbits.chiseled_rock":7,"stat.useItem.minecraft.cobblestone":2,"stat.pickup.minecraft.log":1,"stat.pickup.minecraft.beef":2,"stat.useItem.minecraft.milk_bucket":1,"stat.sprintOneCm":232241,"stat.pickup.minecraft.paper":72,"stat.useItem.minecraft.tallgrass":1,"stat.pickup.minecraft.skull":16,"stat.drop.minecraft.potion":2,"stat.useItem.minecraft.stone_slab":1,"stat.drop.minecraft.fish":7,"stat.pickup.minecraft.potion":2,"stat.drop.minecraft.cookie":1,"stat.pickup.minecraft.grass":1,"stat.pickup.minecraft.diamond_helmet":1,"stat.pickup.minecraft.bread":48,"stat.pickup.chiselsandbits.chiseled_rock":5,"stat.pickup.minecraft.diamond_chestplate":1,"stat.useItem.chiselsandbits.chiseled_rock":312,"stat.drop.chiselsandbits.block_bit":2,"stat.useItem.minecraft.boat":3,"stat.pickup.minecraft.water_bucket":1,"stat.deaths":10,"stat.drop":53,"stat.pickup.chiselsandbits.bit_bag":1,"stat.pickup.minecraft.diamond":8,"stat.playOneMinute":714508,"stat.pickup.minecraft.torch":2,"stat.sneakTime":43598,"stat.pickup.minecraft.rabbit":1,"stat.pickup.minecraft.cooked_fish":3,"stat.drop.minecraft.bread":16,"stat.pickup.minecraft.yellow_flower":1,"stat.entityKilledBy.Llama":5,"stat.fishCaught":1,"stat.mineBlock.minecraft.tallgrass":1,"stat.diveOneCm":31975,"stat.useItem.minecraft.fishing_rod":13}