{"stat.flyOneCm":48476,"stat.deaths":3,"stat.walkOneCm":138176,"stat.jump":358,"stat.swimOneCm":299,"stat.playOneMinute":89704,"stat.fallOneCm":4353,"stat.useItem.minecraft.planks":2,"stat.useItem.minecraft.milk_bucket":2,"stat.sneakTime":7198,"stat.damageTaken":383,"stat.crouchOneCm":9729,"stat.pickup.chiselsandbits.chiseled_rock":3,"stat.timeSinceDeath":78228,"stat.useItem.chiselsandbits.block_bit":254,"stat.sprintOneCm":67130,"stat.useItem.minecraft.stone_slab2":219,"stat.useItem.chiselsandbits.chiseled_rock":280,"stat.diveOneCm":5156,"stat.pickup.chiselsandbits.block_bit":2}