{"stat.useItem.chiselsandbits.chiseled_wood":1,"stat.walkOneCm":750529,"stat.leaveGame":12,"stat.useItem.chiselsandbits.block_bit":109,"stat.useItem.killer.firstaidkit":1,"stat.jump":937,"stat.swimOneCm":4372,"stat.fallOneCm":3794,"stat.crouchOneCm":5806,"stat.pickup.killer.dynamite":1,"stat.drop.killer.gascan":1,"stat.sprintOneCm":679441,"stat.useItem.minecraft.stone_slab2":10,"stat.drop.killer.dynamite":1,"stat.damageTaken":355,"stat.useItem.chiselsandbits.chiseled_rock":1,"stat.useItem.killer.axe":18,"stat.pickup.killer.firstaidkit":1,"stat.flyOneCm":446139,"stat.drop":2,"stat.playOneMinute":221990,"stat.pickup.minecraft.stone_button":1,"stat.sneakTime":2379,"stat.damageDealt":475,"stat.pickup.killer.gascan":1,"stat.timeSinceDeath":221990,"stat.diveOneCm":9883}