{"stat.chestOpened":41,"stat.useItem.chiselsandbits.chiseled_wood":254,"stat.useItem.minecraft.bow":43,"stat.useItem.minecraft.stone":1,"stat.leaveGame":11,"stat.useItem.chiselsandbits.block_bit":2106,"stat.useItem.minecraft.skull":2,"stat.useItem.minecraft.ender_chest":2,"stat.useItem.minecraft.potion":2,"stat.useItem.chiselsandbits.positiveprint":535,"stat.pickup.minecraft.diamond_sword":1,"stat.jump":1625,"stat.drop.minecraft.skull":41,"stat.swimOneCm":5147,"stat.useItem.minecraft.planks":4,"stat.fallOneCm":5151,"stat.drop.minecraft.diamond_sword":2,"stat.crouchOneCm":40651,"stat.enderchestOpened":7,"stat.pickup.minecraft.dirt":5,"stat.useItem.minecraft.dirt":2,"stat.useItem.minecraft.stone_slab2":192,"stat.drop.chiselsandbits.chiseled_iron":1,"stat.boatOneCm":232754,"stat.pickup.minecraft.leaves":1,"stat.damageTaken":327,"stat.useItem.chiselsandbits.chiseled_cloth":76,"stat.drop.chiselsandbits.chiseled_wood":1,"stat.useItem.minecraft.anvil":2,"stat.flyOneCm":929104,"stat.drop.chiselsandbits.bit_bag":2,"stat.timeSinceDeath":168975,"stat.drop.minecraft.log":1,"stat.drop.minecraft.diamond":8,"stat.mineBlock.minecraft.dirt":1,"stat.pickup.chiselsandbits.block_bit":1,"stat.walkOneCm":616663,"stat.useItem.minecraft.chest":4,"stat.useItem.chiselsandbits.chiseled_glass":6,"stat.drop.minecraft.diamond_chestplate":2,"stat.useItem.minecraft.log":1,"stat.drop.chiselsandbits.chiseled_rock":4,"stat.drop.minecraft.dirt":1,"stat.useItem.minecraft.spruce_boat":1,"stat.drop.minecraft.diamond_helmet":2,"stat.pickup.minecraft.stone":2,"stat.useItem.chisel.carpet_red":8,"stat.useItem.minecraft.leaves":38,"stat.sprintOneCm":285231,"stat.drop.minecraft.fishing_rod":1,"stat.pickup.minecraft.skull":555,"stat.drop.minecraft.potion":11,"stat.pickup.minecraft.potion":4,"stat.drop.minecraft.cookie":128,"stat.useItem.minecraft.acacia_boat":1,"stat.pickup.minecraft.diamond_helmet":1,"stat.drop.minecraft.leaves":1,"stat.pickup.minecraft.bread":5,"stat.pickup.minecraft.diamond_chestplate":1,"stat.useItem.chiselsandbits.chiseled_rock":180,"stat.drop.chiselsandbits.block_bit":65,"stat.useItem.minecraft.golden_apple":4,"stat.deaths":1,"stat.useItem.chiselsandbits.chiseled_leaves":3,"stat.drop":89,"stat.pickup.chiselsandbits.bit_bag":2,"stat.drop.minecraft.cake":1,"stat.playOneMinute":438624,"stat.sneakTime":36656,"stat.pickup.minecraft.spruce_boat":1,"stat.drop.minecraft.glass_bottle":2,"stat.useItem.minecraft.fishing_rod":36,"stat.diveOneCm":7762}