{"stat.chestOpened":8,"stat.cakeSlicesEaten":4,"stat.useItem.chiselsandbits.chiseled_wood":654,"stat.useItem.minecraft.bow":3,"stat.walkOneCm":1670298,"stat.playerKills":1,"stat.useItem.minecraft.iron_axe":1,"stat.useItem.chiselsandbits.chiseled_glass":1,"stat.leaveGame":13,"stat.pickup.minecraft.iron_sword":1,"stat.useItem.minecraft.log":72,"stat.useItem.minecraft.gravel":1,"stat.useItem.chiselsandbits.block_bit":3298,"stat.jump":2705,"stat.swimOneCm":23506,"stat.drop.minecraft.skull":99,"stat.useItem.chiselsandbits.chiseled_grass":2,"stat.crouchOneCm":73063,"stat.sprintOneCm":733733,"stat.useItem.minecraft.stone_slab2":149,"stat.pickup.minecraft.skull":105,"stat.drop.minecraft.iron_sword":1,"stat.pickup.minecraft.gold_ingot":1,"stat.useItem.minecraft.dark_oak_door":2,"stat.boatOneCm":235203,"stat.pickup.minecraft.potion":1,"stat.useItem.minecraft.snowball":84,"stat.useItem.minecraft.lingering_potion":4,"stat.useItem.chiselsandbits.chiseled_rock":66,"stat.drop.chiselsandbits.block_bit":1,"stat.flyOneCm":2055412,"stat.useItem.minecraft.boat":4,"stat.drop":101,"stat.playOneMinute":947229,"stat.sneakTime":42263,"stat.useItem.chiselsandbits.tape_measure":37,"stat.damageDealt":97,"stat.killEntity.Zombie":1,"stat.timeSinceDeath":947229,"stat.diveOneCm":16184,"stat.useItem.minecraft.fishing_rod":5,"stat.pickup.chiselsandbits.block_bit":2}