{"stat.cakeSlicesEaten":2,"stat.useItem.chiselsandbits.chiseled_wood":259,"stat.useItem.minecraft.iron_axe":6,"stat.leaveGame":17,"stat.useItem.blockbuster.green":2,"stat.useItem.chiselsandbits.block_bit":29920,"stat.useItem.minecraft.skull":2,"stat.useItem.minecraft.lead":1,"stat.pickup.minecraft.fishing_rod":1,"stat.swimOneCm":35882,"stat.drop.minecraft.skull":557,"stat.useItem.minecraft.planks":5,"stat.enderchestOpened":23,"stat.useItem.minecraft.dirt":1,"stat.useItem.minecraft.stone_slab2":1333,"stat.useItem.chiselsandbits.chiseled_sand":1,"stat.pickup.minecraft.rotten_flesh":1,"stat.pickup.minecraft.sand":16,"stat.drop.minecraft.web":1,"stat.pickup.minecraft.golden_axe":1,"stat.useItem.chiselsandbits.chiseled_cloth":28,"stat.flyOneCm":6855228,"stat.useItem.chiselsandbits.chiseled_iron":18,"stat.drop.minecraft.sand":15,"stat.drop.minecraft.gold_ingot":1,"stat.timeSinceDeath":72465,"stat.useItem.minecraft.sign":3,"stat.useItem.minecraft.spawn_egg":3,"stat.pickup.chiselsandbits.block_bit":199,"stat.drop.chiselsandbits.chiseled_rock":2,"stat.useItem.chiselsandbits.chiseled_grass":1,"stat.useItem.minecraft.golden_axe":3,"stat.sprintOneCm":1459244,"stat.pickup.minecraft.paper":5,"stat.useItem.minecraft.fence":5,"stat.pickup.minecraft.skull":604,"stat.drop.minecraft.golden_axe":1,"stat.pickup.minecraft.potion":1,"stat.useItem.minecraft.snowball":26,"stat.useItem.minecraft.flint_and_steel":1,"stat.drop.minecraft.cooked_fish":1,"stat.pickup.chiselsandbits.chiseled_rock":4,"stat.useItem.minecraft.lingering_potion":8,"stat.drop.minecraft.golden_apple":15,"stat.pickup.minecraft.emerald":17,"stat.useItem.chiselsandbits.chiseled_rock":412,"stat.drop.chiselsandbits.block_bit":7,"stat.deaths":6,"stat.drop":700,"stat.playOneMinute":2821239,"stat.useItem.chisel.planks-oak":59,"stat.killEntity.Zombie":1,"stat.drop.minecraft.bread":24,"stat.diveOneCm":35414,"stat.chestOpened":63,"stat.useItem.minecraft.splash_potion":15,"stat.pickup.minecraft.sign":1,"stat.useItem.minecraft.stone":425,"stat.pickup.minecraft.arrow":1,"stat.useItem.minecraft.ender_chest":1,"stat.useItem.minecraft.carpet":1,"stat.useItem.chiselsandbits.positiveprint":989,"stat.jump":10034,"stat.useItem.minecraft.experience_bottle":1,"stat.fallOneCm":2763,"stat.pickup.chiselsandbits.positiveprint":2,"stat.crouchOneCm":62363,"stat.pickup.minecraft.dirt":1,"stat.pickup.minecraft.ender_chest":2,"stat.boatOneCm":375685,"stat.pickup.minecraft.command_block":28,"stat.pickup.minecraft.cookie":1,"stat.damageTaken":1150,"stat.pickup.minecraft.planks":1,"stat.pickup.minecraft.wheat_seeds":1,"stat.pickup.minecraft.lead":2,"stat.pickup.minecraft.rabbit_hide":1,"stat.damageDealt":393,"stat.killEntity.Rabbit":1,"stat.useItem.minecraft.command_block":31,"stat.walkOneCm":4850058,"stat.drop.minecraft.paper":14,"stat.useItem.minecraft.torch":1,"stat.playerKills":5,"stat.useItem.minecraft.spruce_boat":2,"stat.drop.minecraft.emerald":34,"stat.useItem.minecraft.tallgrass":15,"stat.drop.minecraft.command_block":28,"stat.useItem.minecraft.concrete":4,"stat.useItem.minecraft.fireworks":128,"stat.useItem.chiselsandbits.chiseled_clay":2,"stat.useItem.minecraft.iron_sword":2,"stat.pickup.minecraft.bread":51,"stat.mobKills":2,"stat.useItem.minecraft.boat":1,"stat.pickup.minecraft.torch":1,"stat.pickup.minecraft.red_flower":3,"stat.useItem.chisel.factory":1,"stat.sneakTime":111812,"stat.pickup.minecraft.rabbit":1,"stat.useItem.minecraft.fishing_rod":33}