{"stat.chestOpened":12,"stat.cakeSlicesEaten":3,"stat.useItem.chiselsandbits.chiseled_wood":999,"stat.useItem.minecraft.bow":3,"stat.drop.minecraft.mutton":1,"stat.leaveGame":29,"stat.pickup.minecraft.arrow":1,"stat.useItem.chiselsandbits.block_bit":5520,"stat.useItem.minecraft.skull":1,"stat.pickup.minecraft.lapis_block":1,"stat.useItem.chiselsandbits.positiveprint":545,"stat.jump":12824,"stat.swimOneCm":34085,"stat.drop.minecraft.skull":153,"stat.fallOneCm":4567,"stat.drop.minecraft.wooden_door":1,"stat.crouchOneCm":91195,"stat.enderchestOpened":3,"stat.pickup.minecraft.dirt":13,"stat.useItem.minecraft.stone_slab2":1419,"stat.useItem.minecraft.water_bucket":1,"stat.pickup.minecraft.sand":2,"stat.boatOneCm":236925,"stat.pickup.minecraft.golden_axe":1,"stat.damageTaken":916,"stat.useItem.chiselsandbits.chiseled_cloth":24,"stat.pickup.minecraft.cobblestone":2,"stat.flyOneCm":10938528,"stat.pickup.chisel.cobblestone2":1,"stat.pickup.minecraft.glass_bottle":2,"stat.pickup.minecraft.fish":1,"stat.pickup.minecraft.rabbit_hide":1,"stat.pickup.minecraft.lead":1,"stat.pickup.chisel.andesite":1,"stat.damageDealt":58,"stat.drop.minecraft.cooked_chicken":1,"stat.timeSinceDeath":741953,"stat.useItem.minecraft.spawn_egg":2,"stat.pickup.chiselsandbits.block_bit":4,"stat.walkOneCm":3342026,"stat.useItem.chiselsandbits.chiseled_glass":8,"stat.pickup.minecraft.dark_oak_door":1,"stat.useItem.minecraft.cobblestone":4,"stat.useItem.minecraft.lava_bucket":1,"stat.pickup.blockbuster.model":1,"stat.useItem.chiselsandbits.chiseled_grass":29,"stat.pickup.chiselsandbits.chiseled_cloth":3,"stat.pickup.minecraft.baked_potato":1,"stat.sprintOneCm":1954669,"stat.pickup.minecraft.paper":1,"stat.pickup.minecraft.wooden_door":1,"stat.pickup.minecraft.skull":161,"stat.drop.minecraft.golden_axe":1,"stat.useItem.chiselsandbits.chiseled_clay":1,"stat.pickup.minecraft.potion":2,"stat.useItem.minecraft.flint_and_steel":2,"stat.pickup.minecraft.grass":1,"stat.drop.minecraft.cooked_fish":1,"stat.pickup.chiselsandbits.chiseled_rock":3,"stat.pickup.chisel.antiblock":1,"stat.useItem.chiselsandbits.chiseled_rock":405,"stat.useItem.minecraft.boat":2,"stat.deaths":5,"stat.drop":225,"stat.playOneMinute":2028955,"stat.pickup.minecraft.torch":1,"stat.sneakTime":47435,"stat.useItem.chiselsandbits.tape_measure":5,"stat.drop.minecraft.arrow":2,"stat.drop.minecraft.bread":64,"stat.drop.minecraft.torch":1,"stat.pickup.minecraft.yellow_flower":1,"stat.entityKilledBy.Llama":3,"stat.fishCaught":1,"stat.diveOneCm":31373,"stat.useItem.minecraft.fishing_rod":41}