{"stat.walkOneCm":476375,"stat.leaveGame":7,"stat.pickup.minecraft.arrow":1,"stat.damageTaken":943,"stat.useItem.killer.axe":37,"stat.flyOneCm":317642,"stat.deaths":1,"stat.useItem.killer.firstaidkit":1,"stat.drop":3,"stat.jump":346,"stat.swimOneCm":3099,"stat.playOneMinute":121098,"stat.fallOneCm":16421,"stat.sneakTime":2727,"stat.drop.killer.firstaidkit":1,"stat.damageDealt":1101,"stat.crouchOneCm":9873,"stat.timeSinceDeath":2518,"stat.sprintOneCm":561245,"stat.diveOneCm":1797,"stat.drop.killer.dynamite":2}