{
  "minecraft:recipes/decorations/crafting_table": {
    "criteria": {
      "has_planks": "2020-06-04 16:28:56 +0300"
    },
    "done": true
  },
  "minecraft:recipes/redstone/wooden_button": {
    "criteria": {
      "has_planks": "2020-06-04 16:28:56 +0300"
    },
    "done": true
  },
  "minecraft:recipes/building_blocks/jungle_stairs": {
    "criteria": {
      "has_planks": "2020-06-04 16:28:56 +0300"
    },
    "done": true
  },
  "minecraft:recipes/decorations/jungle_fence": {
    "criteria": {
      "has_planks": "2020-06-04 16:28:56 +0300"
    },
    "done": true
  },
  "minecraft:recipes/redstone/trapdoor": {
    "criteria": {
      "has_planks": "2020-06-04 16:28:56 +0300"
    },
    "done": true
  },
  "minecraft:recipes/redstone/jungle_door": {
    "criteria": {
      "has_planks": "2020-06-04 16:28:56 +0300"
    },
    "done": true
  },
  "cfm:install": {
    "criteria": {
      "tick": "2020-06-04 15:59:04 +0300"
    },
    "done": true
  },
  "minecraft:recipes/redstone/wooden_pressure_plate": {
    "criteria": {
      "has_planks": "2020-06-04 16:28:56 +0300"
    },
    "done": true
  },
  "minecraft:recipes/redstone/jungle_fence_gate": {
    "criteria": {
      "has_planks": "2020-06-04 16:28:56 +0300"
    },
    "done": true
  },
  "minecraft:recipes/misc/stick": {
    "criteria": {
      "has_planks": "2020-06-04 16:28:56 +0300"
    },
    "done": true
  },
  "minecraft:adventure/root": {
    "criteria": {
      "killed_something": "2020-06-04 16:00:00 +0300"
    },
    "done": true
  },
  "minecraft:recipes/decorations/sign": {
    "criteria": {
      "has_planks": "2020-06-04 16:28:56 +0300"
    },
    "done": true
  },
  "cfm:root": {
    "criteria": {
      "tick": "2020-06-04 15:59:04 +0300"
    },
    "done": true
  },
  "minecraft:recipes/building_blocks/jungle_wooden_slab": {
    "criteria": {
      "has_planks": "2020-06-04 16:28:56 +0300"
    },
    "done": true
  },
  "minecraft:adventure/adventuring_time": {
    "criteria": {
      "plains": "2020-06-04 15:59:04 +0300"
    },
    "done": false
  }
}