{"stat.craftItem.minecraft.leather_leggings":2,"stat.useItem.chiselsandbits.chiseled_wood":88,"stat.useItem.minecraft.painting":4,"stat.useItem.cfm.park_bench_spruce":3,"stat.useItem.cfm.esky":9,"stat.useItem.cfm.bedside_cabinet_spruce":4,"stat.useItem.cfm.crate":64,"stat.leaveGame":5,"stat.useItem.chiselsandbits.block_bit":755,"stat.useItem.cfm.stone_path":103,"stat.useItem.minecraft.glowstone":1,"stat.useItem.cfm.couch":31,"stat.useItem.minecraft.planks":458,"stat.climbOneCm":4084,"stat.useItem.minecraft.end_rod":1,"stat.useItem.minecraft.stone_slab2":2985,"stat.useItem.minecraft.red_flower":8,"stat.useItem.cfm.lamp_off":26,"stat.useItem.minecraft.golden_sword":43,"stat.useItem.chiselsandbits.chiseled_cloth":71,"stat.useItem.minecraft.anvil":3,"stat.useItem.minecraft.brick_block":35,"stat.flyOneCm":11134487,"stat.useItem.cfm.modern_couch":7,"stat.timeSinceDeath":869969,"stat.useItem.minecraft.fence_gate":89,"stat.useItem.minecraft.sign":3,"stat.drop.minecraft.golden_sword":1,"stat.pickup.minecraft.stained_hardened_clay":1,"stat.useItem.minecraft.wooden_slab":186,"stat.useItem.cfm.hedge_oak":3,"stat.useItem.cfm.mail_box_spruce":1,"stat.useItem.cfm.modern_stair":20,"stat.useItem.cfm.blender":1,"stat.useItem.chiselsandbits.chiseled_glass":3,"stat.useItem.minecraft.oak_stairs":345,"stat.useItem.minecraft.armor_stand":2,"stat.drop.minecraft.red_flower":1,"stat.useItem.cfm.chair_spruce":2,"stat.useItem.vehicle.fuel_drum":2,"stat.useItem.cfm.ceiling_fan":4,"stat.drop.minecraft.stained_hardened_clay":2,"stat.useItem.chiselsandbits.chiseled_grass":14,"stat.useItem.cfm.desk_andesite":3,"stat.useItem.minecraft.written_book":2,"stat.useItem.cfm.bench":8,"stat.sprintOneCm":843341,"stat.useItem.cfm.light_switch_off":2,"stat.useItem.minecraft.fence":16,"stat.useItem.minecraft.stone_stairs":2,"stat.useItem.minecraft.dark_oak_door":3,"stat.useItem.minecraft.stone_slab":27,"stat.pickup.cfm.item_sausage":2,"stat.pickup.cfm.crate":4,"stat.drop.cfm.item_sausage":1,"stat.useItem.cfm.table_oak":3,"stat.pickup.minecraft.grass":1,"stat.useItem.minecraft.wooden_button":1,"stat.pickup.chiselsandbits.chiseled_rock":3,"stat.useItem.cfm.wall_cabinet":15,"stat.useItem.chiselsandbits.chiseled_rock":74,"stat.useItem.minecraft.dye":1194,"stat.drop":6,"stat.playOneMinute":869969,"stat.craftItem.minecraft.leather_chestplate":2,"stat.useItem.cfm.modern_bed_bottom":3,"stat.useItem.cfm.plate":4,"stat.craftItem.minecraft.dye":1,"stat.useItem.cfm.desk_cabinet_oak":6,"stat.pickup.minecraft.sign":1,"stat.useItem.minecraft.stone":66,"stat.useItem.cfm.coffee_table_diorite":16,"stat.useItem.minecraft.carpet":45,"stat.useItem.cfm.printer":1,"stat.jump":4634,"stat.fallOneCm":31714,"stat.crouchOneCm":103678,"stat.useItem.cfm.bin":1,"stat.craftingTableInteraction":5,"stat.useItem.minecraft.glass":24,"stat.useItem.minecraft.sapling":95,"stat.useItem.cfm.crate_spruce":23,"stat.damageTaken":2063,"stat.pickup.minecraft.wheat_seeds":4,"stat.useItem.cfm.counter":23,"stat.damageDealt":1570,"stat.sleepInBed":3,"stat.useItem.cfm.modern_table":6,"stat.useItem.minecraft.crafting_table":1,"stat.useItem.cfm.modern_chair":2,"stat.flowerPotted":2,"stat.useItem.cfm.cabinet_spruce":14,"stat.useItem.cfm.bar_stool":2,"stat.walkOneCm":1495464,"stat.useItem.cfm.stereo":1,"stat.useItem.minecraft.log":114,"stat.craftItem.minecraft.leather_boots":2,"stat.useItem.cfm.cookie_jar":1,"stat.useItem.cfm.cabinet_andesite":14,"stat.useItem.cfm.bedside_cabinet_dark_oak":17,"stat.useItem.cfm.chair_oak":3,"stat.useItem.vehicle.industrial_fuel_drum":3,"stat.useItem.cfm.item_log":9,"stat.pickup.chiselsandbits.chiseled_cloth":1,"stat.useItem.minecraft.spruce_stairs":26,"stat.useItem.minecraft.leaves":660,"stat.useItem.minecraft.glass_pane":32,"stat.useItem.cfm.table_diorite":30,"stat.useItem.cfm.modern_light_off":6,"stat.useItem.minecraft.wooden_door":4,"stat.useItem.cfm.cabinet_oak":9,"stat.pickup.cfm.stone_path":11,"stat.pickup.minecraft.red_flower":5,"stat.sneakTime":47031,"stat.useItem.cfm.upgraded_fence_oak":59,"stat.drop.minecraft.grass":1}