{"stat.useItem.chiselsandbits.chiseled_wood":1,"stat.drop.minecraft.iron_pickaxe":1,"stat.flyOneCm":546368,"stat.walkOneCm":194539,"stat.useItem.minecraft.golden_sword":37,"stat.drop":1,"stat.jump":1848,"stat.playOneMinute":84892,"stat.fallOneCm":47054,"stat.climbOneCm":8366,"stat.pickup.minecraft.iron_pickaxe":2,"stat.leaveGame":1,"stat.sneakTime":5638,"stat.damageTaken":1408,"stat.damageDealt":1451,"stat.crouchOneCm":19071,"stat.timeSinceDeath":84892,"stat.useItem.chiselsandbits.block_bit":16,"stat.useItem.minecraft.written_book":2,"stat.sprintOneCm":347142,"stat.useItem.minecraft.stone_slab2":12,"stat.useItem.chiselsandbits.chiseled_rock":5}