{"stat.useItem.chiselsandbits.chiseled_wood":110,"stat.useItem.cfm.bedside_cabinet_spruce":2,"stat.useItem.minecraft.iron_axe":9,"stat.leaveGame":10,"stat.useItem.cfm.crate":3,"stat.useItem.chiselsandbits.block_bit":2399,"stat.useItem.cfm.stone_path":27,"stat.swimOneCm":59,"stat.useItem.minecraft.planks":402,"stat.climbOneCm":150,"stat.useItem.cfm.bedside_cabinet_stone":1,"stat.useItem.minecraft.dirt":9,"stat.useItem.minecraft.stone_slab2":1729,"stat.useItem.minecraft.water_bucket":35,"stat.useItem.minecraft.golden_sword":29,"stat.useItem.minecraft.rail":11,"stat.useItem.chiselsandbits.chiseled_cloth":42,"stat.useItem.minecraft.anvil":1,"stat.flyOneCm":4507971,"stat.useItem.vehicle.workstation":7,"stat.killEntity.Villager":4,"stat.timeSinceDeath":85930,"stat.drop.minecraft.golden_sword":10,"stat.useItem.minecraft.wooden_slab":40,"stat.pickup.chiselsandbits.block_bit":64,"stat.pickup.minecraft.chainmail_helmet":1,"stat.pickup.minecraft.dark_oak_door":1,"stat.useItem.cfm.bedside_cabinet_oak":7,"stat.useItem.minecraft.oak_stairs":58,"stat.useItem.minecraft.dark_oak_stairs":99,"stat.pickup.cfm.item_knife":1,"stat.pickup.minecraft.shield":1,"stat.useItem.cfm.chair_spruce":2,"stat.useItem.vehicle.fuel_drum":8,"stat.useItem.minecraft.double_plant":123,"stat.useItem.chiselsandbits.chiseled_grass":82,"stat.useItem.cfm.bench":9,"stat.sprintOneCm":815294,"stat.useItem.minecraft.hay_block":75,"stat.useItem.minecraft.fence":2,"stat.drop.minecraft.potion":1,"stat.useItem.minecraft.dark_oak_door":18,"stat.pickup.cfm.item_sausage":5,"stat.pickup.cfm.crate":15,"stat.useItem.cfm.blinds_open":4,"stat.drop.cfm.item_sausage":2,"stat.pickup.minecraft.potion":1,"stat.useItem.cfm.table_oak":16,"stat.useItem.minecraft.dye":2598,"stat.useItem.chiselsandbits.chiseled_rock":168,"stat.deaths":1,"stat.drop":19,"stat.useItem.chiselsandbits.chiseled_ground":2,"stat.playOneMinute":744246,"stat.pickup.minecraft.birch_door":5,"stat.craftItem.minecraft.iron_pickaxe":1,"stat.useItem.cfm.plate":3,"stat.diveOneCm":708,"stat.pickup.minecraft.sign":1,"stat.useItem.minecraft.stone":39,"stat.pickup.minecraft.stone_axe":1,"stat.useItem.minecraft.potion":3,"stat.drop.minecraft.iron_pickaxe":4,"stat.useItem.cfm.desk_oak":1,"stat.jump":2721,"stat.fallOneCm":32297,"stat.crouchOneCm":39844,"stat.useItem.cfm.bin":3,"stat.useItem.cfm.grill":2,"stat.useItem.cfm.table_spruce":1,"stat.useItem.vehicle.traffic_cone":5,"stat.useItem.cfm.crate_jungle":10,"stat.useItem.cfm.crate_spruce":15,"stat.useItem.cfm.curtains_open":5,"stat.damageTaken":1774,"stat.useItem.minecraft.acacia_door":1,"stat.pickup.minecraft.wheat_seeds":20,"stat.damageDealt":1833,"stat.useItem.minecraft.wool":28,"stat.useItem.cfm.cabinet_spruce":2,"stat.walkOneCm":1569889,"stat.useItem.minecraft.torch":1,"stat.pickup.minecraft.stick":2,"stat.useItem.minecraft.log":513,"stat.useItem.minecraft.cobblestone":77,"stat.useItem.cfm.cabinet_birch":1,"stat.pickup.cfm.crate_spruce":10,"stat.useItem.cfm.cabinet_andesite":1,"stat.useItem.cfm.chair_oak":6,"stat.pickup.minecraft.iron_pickaxe":2,"stat.useItem.minecraft.spruce_stairs":149,"stat.pickup.minecraft.sapling":3,"stat.useItem.minecraft.leaves":606,"stat.useItem.minecraft.tallgrass":15,"stat.useItem.minecraft.deadbush":32,"stat.useItem.cfm.coffee_table_oak":1,"stat.mobKills":4,"stat.pickup.minecraft.golden_sword":9,"stat.useItem.cfm.cabinet_oak":16,"stat.pickup.cfm.crate_jungle":2,"stat.pickup.cfm.stone_path":2,"stat.pickup.minecraft.red_flower":25,"stat.sneakTime":30462,"stat.drop.minecraft.stone_axe":1,"stat.drop.minecraft.yellow_flower":1,"stat.pickup.minecraft.yellow_flower":8,"stat.useItem.cfm.upgraded_fence_oak":145,"stat.useItem.minecraft.web":6}