{"stat.useItem.chiselsandbits.chiseled_wood":191,"stat.walkOneCm":945092,"stat.playerKills":1,"stat.useItem.chiselsandbits.chiseled_glass":8,"stat.leaveGame":9,"stat.useItem.chiselsandbits.block_bit":5585,"stat.jump":1207,"stat.swimOneCm":2835,"stat.fallOneCm":2362,"stat.crouchOneCm":22832,"stat.pickup.reserv.rifle":1,"stat.sprintOneCm":153188,"stat.useItem.minecraft.stone_slab2":3995,"stat.useItem.chiselsandbits.chiseled_sand":7,"stat.pickup.reserv.lampoff":1,"stat.useItem.minecraft.diamond_hoe":6,"stat.pickup.reserv.ammo":69,"stat.damageTaken":2415,"stat.pickup.reserv.trapclosed":1,"stat.useItem.chiselsandbits.chiseled_cloth":14,"stat.useItem.chiselsandbits.chiseled_rock":299,"stat.flyOneCm":4444299,"stat.useItem.chiselsandbits.chiseled_iron":3,"stat.deaths":5,"stat.playOneMinute":982451,"stat.sneakTime":29019,"stat.damageDealt":20,"stat.timeSinceDeath":56697,"stat.pickup.chiselsandbits.block_bit":1}