{"stat.useItem.minecraft.bow":1,"stat.pickup.minecraft.pumpkin":1,"stat.walkOneCm":373035,"stat.drop.minecraft.pumpkin":1,"stat.leaveGame":3,"stat.useItem.minecraft.potion":1,"stat.jump":889,"stat.fallOneCm":17274,"stat.crouchOneCm":1265,"stat.sprintOneCm":191926,"stat.useItem.minecraft.stone_slab2":18,"stat.pickup.minecraft.bow":1,"stat.pickup.minecraft.apple":1,"stat.drop.reserv.rifle":1,"stat.pickup.reserv.lampoff":1,"stat.pickup.reserv.toolbox":1,"stat.useItem.reserv.lampoff":2,"stat.useItem.reserv.trapclosed":5,"stat.damageTaken":742,"stat.mobKills":1,"stat.flyOneCm":259594,"stat.deaths":4,"stat.pickup.minecraft.glass_bottle":1,"stat.drop":8,"stat.playOneMinute":111166,"stat.sneakTime":597,"stat.damageDealt":250,"stat.timeSinceDeath":2320,"stat.drop.reserv.ammo":6}