{"stat.drop.reserv.lampoff":2,"stat.walkOneCm":766109,"stat.playerKills":6,"stat.leaveGame":7,"stat.useItem.chiselsandbits.block_bit":15,"stat.useItem.minecraft.apple":1,"stat.useItem.minecraft.potion":8,"stat.drop.minecraft.apple":1,"stat.jump":1433,"stat.fallOneCm":42086,"stat.crouchOneCm":29843,"stat.pickup.reserv.rifle":4,"stat.drop.reserv.trapclosed":1,"stat.drop.reserv.toolbox":3,"stat.drop.reserv.horn":1,"stat.sprintOneCm":1265108,"stat.useItem.minecraft.stone_slab2":39,"stat.drop.reserv.rifle":3,"stat.pickup.reserv.lampoff":4,"stat.pickup.reserv.ammo":9,"stat.pickup.reserv.toolbox":3,"stat.useItem.reserv.lampoff":2,"stat.useItem.reserv.trapclosed":15,"stat.brewingstandInteraction":6,"stat.damageTaken":1463,"stat.pickup.reserv.trapclosed":3,"stat.mobKills":9,"stat.useItem.reserv.medkit":3,"stat.pickup.reserv.medkit":1,"stat.flyOneCm":1211624,"stat.deaths":2,"stat.pickup.minecraft.glass_bottle":2,"stat.drop":19,"stat.playOneMinute":219871,"stat.drop.reserv.medkit":1,"stat.sneakTime":6953,"stat.damageDealt":1906,"stat.timeSinceDeath":127125,"stat.drop.minecraft.glass_bottle":3,"stat.useItem.minecraft.spawn_egg":1,"stat.killEntity.Pig":4,"stat.useItem.minecraft.fishing_rod":3,"stat.drop.reserv.ammo":4}