{"stat.useItem.chiselsandbits.chiseled_wood":108,"stat.drop.reserv.lampoff":1,"stat.walkOneCm":862580,"stat.pickup.minecraft.spruce_door":2,"stat.useItem.chiselsandbits.chiseled_glass":6,"stat.leaveGame":8,"stat.useItem.chiselsandbits.block_bit":2854,"stat.useItem.chiselsandbits.chiseled_cloth":4,"stat.useItem.chiselsandbits.chiseled_rock":74,"stat.flyOneCm":1326670,"stat.useItem.chiselsandbits.chiseled_iron":20,"stat.useItem.minecraft.spruce_door":2,"stat.drop":1,"stat.jump":547,"stat.swimOneCm":866,"stat.playOneMinute":426034,"stat.sneakTime":15406,"stat.crouchOneCm":22484,"stat.pickup.reserv.rifle":1,"stat.timeSinceDeath":426034,"stat.sprintOneCm":221993,"stat.useItem.minecraft.stone_slab2":126}