{"stat.useItem.chiselsandbits.chiseled_wood":204,"stat.walkOneCm":1082241,"stat.useItem.minecraft.stone":6,"stat.leaveGame":6,"stat.useItem.minecraft.log":6,"stat.useItem.minecraft.cobblestone":1,"stat.useItem.chiselsandbits.block_bit":2689,"stat.jump":1051,"stat.swimOneCm":1940,"stat.useItem.minecraft.planks":3,"stat.useItem.chiselsandbits.chiseled_grass":81,"stat.pickup.chiselsandbits.chiseled_cloth":1,"stat.crouchOneCm":29786,"stat.useItem.minecraft.leaves":1,"stat.sprintOneCm":394533,"stat.useItem.minecraft.stone_slab2":124,"stat.useItem.minecraft.water_bucket":3,"stat.useItem.minecraft.iron_sword":2,"stat.damageTaken":480,"stat.useItem.chiselsandbits.chiseled_cloth":10,"stat.mobKills":2,"stat.useItem.minecraft.dye":7,"stat.useItem.chiselsandbits.chiseled_rock":92,"stat.useItem.minecraft.stone_shovel":1,"stat.flyOneCm":1912161,"stat.useItem.chiselsandbits.chiseled_iron":1,"stat.deaths":2,"stat.useItem.minecraft.spruce_door":2,"stat.playOneMinute":619589,"stat.sneakTime":22669,"stat.damageDealt":100,"stat.pickup.reserv.horn":1,"stat.timeSinceDeath":452140,"stat.killEntity.Pig":2,"stat.diveOneCm":509}