{"stat.drop.chisel.planks-spruce":1,"stat.useItem.chiselsandbits.chiseled_wood":604,"stat.walkOneCm":490980,"stat.leaveGame":6,"stat.useItem.minecraft.oak_stairs":4,"stat.useItem.minecraft.cobblestone":24,"stat.useItem.chiselsandbits.block_bit":5218,"stat.useItem.minecraft.carpet":1,"stat.useItem.chiselsandbits.positiveprint":176,"stat.useItem.blockbuster.model":1,"stat.jump":940,"stat.swimOneCm":95,"stat.useItem.minecraft.double_plant":7,"stat.fallOneCm":404,"stat.useItem.chisel.brownstone":9,"stat.useItem.chiselsandbits.chiseled_grass":1,"stat.crouchOneCm":25726,"stat.pickup.chisel.planks-spruce":1,"stat.drop.reserv.horn":1,"stat.sprintOneCm":170794,"stat.useItem.minecraft.stone_slab2":234,"stat.drop.reserv.rifle":1,"stat.useItem.minecraft.stone_stairs":5,"stat.useItem.minecraft.water_bucket":22,"stat.useItem.minecraft.stone_slab":8,"stat.pickup.minecraft.grass":1,"stat.useItem.reserv.trapclosed":2,"stat.damageTaken":20,"stat.useItem.chiselsandbits.chiseled_cloth":1,"stat.mobKills":1,"stat.useItem.chiselsandbits.chiseled_rock":128,"stat.useItem.reserv.medkit":1,"stat.useItem.minecraft.dye":38,"stat.flyOneCm":2125906,"stat.useItem.chiselsandbits.chiseled_iron":1,"stat.drop":4,"stat.useItem.chiselsandbits.chiseled_ground":1,"stat.playOneMinute":574657,"stat.useItem.chisel.planks-spruce":190,"stat.sneakTime":31424,"stat.useItem.minecraft.wool":4,"stat.timeSinceDeath":574657,"stat.useItem.minecraft.sign":2,"stat.killEntity.Pig":1,"stat.drop.minecraft.grass":1}