{"stat.useItem.chiselsandbits.chiseled_wood":6,"stat.flyOneCm":211843,"stat.walkOneCm":361241,"stat.jump":421,"stat.playOneMinute":107198,"stat.recordPlayed":1,"stat.useItem.minecraft.iron_axe":1,"stat.leaveGame":2,"stat.sneakTime":13365,"stat.damageDealt":60,"stat.crouchOneCm":35480,"stat.killEntity.Parrot":1,"stat.timeSinceDeath":107198,"stat.useItem.chiselsandbits.block_bit":77,"stat.sprintOneCm":168014,"stat.mobKills":1,"stat.useItem.minecraft.stone_slab2":23,"stat.useItem.minecraft.spawn_egg":1,"stat.useItem.chiselsandbits.chiseled_rock":1}