{"stat.useItem.minecraft.bow":17,"stat.useItem.chiselsandbits.chiseled_wood":338,"stat.pickup.minecraft.redstone_torch":4,"stat.pickup.minecraft.sign":1,"stat.leaveGame":25,"stat.pickup.minecraft.record_blocks":1,"stat.useItem.chiselsandbits.block_bit":3435,"stat.drop.mw.uzimag_2":5,"stat.craftItem.minecraft.coal":1,"stat.drop.minecraft.iron_pickaxe":1,"stat.pickup.minecraft.diamond_sword":1,"stat.jump":5625,"stat.swimOneCm":8789,"stat.pickup.minecraft.coal":63,"stat.fallOneCm":14182,"stat.useItem.minecraft.planks":128,"stat.crouchOneCm":78320,"stat.pickup.minecraft.spider_eye":3,"stat.useItem.minecraft.stone_slab2":1280,"stat.pickup.minecraft.bow":1,"stat.useItem.minecraft.water_bucket":14,"stat.pickup.mw.uzimag_2":5,"stat.pickup.minecraft.milk_bucket":1,"stat.boatOneCm":64270,"stat.pickup.minecraft.leaves":3,"stat.damageTaken":4660,"stat.useItem.chiselsandbits.chiseled_cloth":110,"stat.aviateOneCm":1475,"stat.pickup.minecraft.planks":28,"stat.flyOneCm":3825020,"stat.useItem.chiselsandbits.chiseled_iron":3,"stat.drop.mw.g36c":2,"stat.pickup.minecraft.fish":1,"stat.pickup.minecraft.chain_command_block":1,"stat.damageDealt":95,"stat.pickup.minecraft.redstone":1,"stat.sleepInBed":2,"stat.timeSinceDeath":269,"stat.useItem.minecraft.iron_pickaxe":5,"stat.drop.mw.pp91_kedr":1,"stat.pickup.chiselsandbits.block_bit":7,"stat.flowerPotted":1,"stat.walkOneCm":2679033,"stat.useItem.minecraft.torch":1,"stat.playerKills":32,"stat.pickup.minecraft.wooden_axe":1,"stat.useItem.chiselsandbits.chiseled_glass":1,"stat.furnaceInteraction":4,"stat.pickup.mw.uzi":1,"stat.pickup.mw.g36c":1,"stat.useItem.minecraft.spruce_boat":1,"stat.pickup.minecraft.wooden_button":1,"stat.minecartOneCm":512,"stat.pickup.minecraft.redstone_block":1,"stat.pickup.minecraft.log":3,"stat.pickup.minecraft.iron_pickaxe":2,"stat.craftItem.minecraft.stone_slab2":0,"stat.drop.minecraft.planks":13,"stat.sprintOneCm":1610619,"stat.useItem.minecraft.redstone_ore":4,"stat.drop.minecraft.bow":1,"stat.pickup.cfm.item_sausage":1,"stat.useItem.minecraft.flint_and_steel":1,"stat.drop.minecraft.leaves":3,"stat.drop.mw.g36cmag_2":2,"stat.useItem.chiselsandbits.chiseled_rock":956,"stat.useItem.minecraft.bucket":1,"stat.drop.chiselsandbits.block_bit":3,"stat.pickup.minecraft.spawn_egg":1,"stat.useItem.minecraft.boat":1,"stat.deaths":26,"stat.mineBlock.minecraft.planks":3,"stat.pickup.minecraft.iron_door":1,"stat.drop":25,"stat.drop.mw.uzi":1,"stat.playOneMinute":2099965,"stat.pickup.minecraft.torch":3,"stat.sneakTime":33191,"stat.diveOneCm":123,"stat.useItem.minecraft.fishing_rod":45}