{"stat.useItem.minecraft.bow":2,"stat.useItem.chiselsandbits.chiseled_wood":61,"stat.useItem.minecraft.splash_potion":4,"stat.leaveGame":10,"stat.pickup.minecraft.iron_sword":1,"stat.drop.mw.acr":1,"stat.drop.mw.glock_18c":1,"stat.useItem.chiselsandbits.block_bit":4171,"stat.useItem.cfm.chair_andesite":1,"stat.useItem.minecraft.potion":1,"stat.useItem.chiselsandbits.positiveprint":495,"stat.drop.minecraft.iron_pickaxe":1,"stat.pickup.minecraft.diamond_sword":1,"stat.jump":2937,"stat.swimOneCm":6728,"stat.useItem.minecraft.experience_bottle":2,"stat.pickup.minecraft.iron_helmet":2,"stat.useItem.minecraft.planks":45,"stat.fallOneCm":1856,"stat.crouchOneCm":19848,"stat.pickup.minecraft.rail":1,"stat.pickup.minecraft.dirt":2,"stat.useItem.minecraft.stone_slab2":339,"stat.pickup.minecraft.iron_boots":1,"stat.useItem.minecraft.water_bucket":8,"stat.drop.minecraft.milk_bucket":1,"stat.boatOneCm":111500,"stat.pickup.mw.marine_boots":1,"stat.damageTaken":4975,"stat.drop.mw.mg42":1,"stat.useItem.chiselsandbits.chiseled_cloth":28,"stat.drop.minecraft.concrete":1,"stat.pickup.mw.glock_18c":1,"stat.pickup.minecraft.planks":8,"stat.pickup.minecraft.iron_leggings":1,"stat.flyOneCm":911293,"stat.pickup.mw.mp5a5":2,"stat.damageDealt":261,"stat.timeSinceDeath":4625,"stat.useItem.minecraft.fence_gate":4,"stat.useItem.mw.glockmag50":1,"stat.useItem.minecraft.iron_pickaxe":5,"stat.pickup.chiselsandbits.block_bit":2,"stat.useItem.cfm.bar_stool":1,"stat.walkOneCm":3185630,"stat.playerKills":10,"stat.useItem.chiselsandbits.chiseled_glass":4,"stat.furnaceInteraction":1,"stat.pickup.minecraft.shield":1,"stat.drop.mw.mp5a5":2,"stat.pickup.mw.mg42":2,"stat.pickup.minecraft.iron_pickaxe":1,"stat.useItem.minecraft.milk_bucket":2,"stat.sprintOneCm":1000479,"stat.pickup.minecraft.iron_chestplate":1,"stat.pickup.minecraft.cooked_beef":64,"stat.useItem.minecraft.concrete":71,"stat.pickup.minecraft.gold_ingot":1,"stat.pickup.mw.acr":1,"stat.useItem.minecraft.iron_sword":11,"stat.useItem.minecraft.snowball":54,"stat.useItem.chiselsandbits.chiseled_rock":215,"stat.useItem.minecraft.bucket":2,"stat.drop.chiselsandbits.block_bit":2,"stat.useItem.minecraft.golden_apple":2,"stat.pickup.mw.har_27":1,"stat.useItem.minecraft.boat":1,"stat.deaths":21,"stat.mineBlock.minecraft.planks":5,"stat.drop":11,"stat.pickup.minecraft.iron_door":1,"stat.playOneMinute":808133,"stat.pickup.minecraft.torch":1,"stat.sneakTime":16404,"stat.drop.mw.har_27":1,"stat.pickup.mw.ncr_chest":2,"stat.pickup.chiselsandbits.chisel_diamond":1,"stat.useItem.minecraft.fishing_rod":33}