{"stat.useItem.chiselsandbits.chiseled_wood":6,"stat.useItem.minecraft.bow":16,"stat.walkOneCm":397475,"stat.leaveGame":4,"stat.pickup.minecraft.iron_sword":1,"stat.useItem.chiselsandbits.block_bit":487,"stat.pickup.minecraft.shield":1,"stat.pickup.minecraft.diamond_sword":1,"stat.jump":595,"stat.fallOneCm":1707,"stat.crouchOneCm":9884,"stat.sprintOneCm":239071,"stat.useItem.minecraft.stone_slab2":43,"stat.pickup.minecraft.iron_chestplate":1,"stat.pickup.minecraft.cooked_beef":64,"stat.pickup.minecraft.iron_boots":1,"stat.useItem.minecraft.iron_sword":7,"stat.damageTaken":462,"stat.useItem.chiselsandbits.chiseled_cloth":12,"stat.useItem.chiselsandbits.chiseled_rock":4,"stat.pickup.minecraft.iron_leggings":1,"stat.flyOneCm":522138,"stat.deaths":3,"stat.playOneMinute":141718,"stat.sneakTime":2025,"stat.damageDealt":165,"stat.timeSinceDeath":4922}