{"stat.useItem.mw.blaster_master's_favorite_toy":7,"stat.useItem.chiselsandbits.chiseled_wood":381,"stat.pickup.mw.hecu_helmet":1,"stat.useItem.cfm.bedside_cabinet_spruce":2,"stat.useItem.minecraft.iron_axe":4,"stat.leaveGame":20,"stat.useItem.chiselsandbits.block_bit":3405,"stat.useItem.mw.desk_middle_alt1":1,"stat.swimOneCm":5539,"stat.useItem.cfm.couch":5,"stat.useItem.minecraft.planks":133,"stat.drop.mw.m1928_thompson":1,"stat.useItem.minecraft.dirt":1,"stat.useItem.minecraft.stone_slab2":878,"stat.pickup.mw.mkvired_helmet":1,"stat.useItem.cfm.lamp_off":2,"stat.useItem.minecraft.egg":9,"stat.useItem.chiselsandbits.chiseled_cloth":27,"stat.aviateOneCm":2083,"stat.pickup.mw.mp40mag_2":6,"stat.useItem.mw.desk_corner":2,"stat.useItem.minecraft.brick_block":34,"stat.flyOneCm":2614219,"stat.drop.minecraft.gold_ingot":1,"stat.timeSinceDeath":4776,"stat.useItem.minecraft.iron_pickaxe":2,"stat.pickup.chiselsandbits.block_bit":5,"stat.useItem.cfm.hedge_oak":9,"stat.useItem.chiselsandbits.chiseled_glass":13,"stat.useItem.cfm.bedside_cabinet_oak":6,"stat.furnaceInteraction":2,"stat.useItem.mw.g36c":13,"stat.sprintOneCm":1456062,"stat.pickup.mw.tactical_tomahawk":1,"stat.pickup.mw.honeybadgermag_2":6,"stat.useItem.minecraft.dark_oak_door":3,"stat.useItem.minecraft.stone_slab":25,"stat.useItem.cfm.tv":1,"stat.pickup.cfm.crate":4,"stat.useItem.minecraft.snowball":182,"stat.useItem.minecraft.flint_and_steel":1,"stat.useItem.cfm.table_oak":6,"stat.useItem.minecraft.diamond_pickaxe":1,"stat.useItem.cfm.coffee_table_spruce":8,"stat.useItem.chiselsandbits.chiseled_rock":525,"stat.useItem.minecraft.dye":64,"stat.drop.chiselsandbits.block_bit":1,"stat.deaths":19,"stat.mineBlock.minecraft.planks":1,"stat.drop":9,"stat.pickup.minecraft.egg":2,"stat.pickup.cfm.chair_andesite":1,"stat.playOneMinute":1255460,"stat.pickup.minecraft.snowball":16,"stat.pickup.mw.g36cmag_2":6,"stat.diveOneCm":131,"stat.useItem.minecraft.stone":29,"stat.useItem.mw.vending_machine":2,"stat.drop.chiselsandbits.chisel_diamond":1,"stat.useItem.cfm.chair_andesite":3,"stat.useItem.minecraft.potion":1,"stat.useItem.chiselsandbits.positiveprint":4,"stat.pickup.minecraft.brick_stairs":1,"stat.drop.minecraft.iron_pickaxe":3,"stat.useItem.minecraft.bedrock":12,"stat.jump":4524,"stat.fallOneCm":10038,"stat.crouchOneCm":76554,"stat.useItem.cfm.table_spruce":3,"stat.boatOneCm":9988,"stat.damageTaken":4843,"stat.pickup.minecraft.feather":2,"stat.useItem.mw.body_bag":3,"stat.useItem.minecraft.furnace":1,"stat.pickup.minecraft.planks":15,"stat.pickup.minecraft.concrete":1,"stat.damageDealt":255,"stat.useItem.mw.desk_shelf_alt1":3,"stat.walkOneCm":2943452,"stat.useItem.minecraft.torch":2,"stat.playerKills":27,"stat.pickup.minecraft.stick":2,"stat.useItem.minecraft.log":9,"stat.pickup.mw.uzi":1,"stat.useItem.minecraft.lava_bucket":1,"stat.useItem.cfm.chair_oak":1,"stat.pickup.minecraft.iron_pickaxe":2,"stat.useItem.minecraft.spruce_stairs":25,"stat.useItem.minecraft.stained_hardened_clay":1,"stat.useItem.minecraft.leaves":99,"stat.drop.minecraft.egg":1,"stat.pickup.mw.aac_honey_badger":1,"stat.useItem.chiselsandbits.chiseled_clay":10,"stat.useItem.mw.desk_left_alt1":1,"stat.killEntity.Chicken":3,"stat.mobKills":3,"stat.useItem.cfm.cabinet_oak":11,"stat.useItem.minecraft.cobblestone_wall":22,"stat.pickup.minecraft.iron_door":1,"stat.drop.mw.uzi":1,"stat.pickup.minecraft.torch":2,"stat.sneakTime":37635,"stat.pickup.minecraft.stone_slab":1,"stat.useItem.minecraft.fishing_rod":45,"stat.useItem.minecraft.web":1}