{"stat.walkOneCm":600547,"stat.pickup.minecraft.wooden_axe":1,"stat.leaveGame":31,"stat.useItem.chiselsandbits.block_bit":239,"stat.pickup.minecraft.wooden_button":1,"stat.pickup.abc.sabotagetimerblock":1,"stat.jump":2240,"stat.swimOneCm":1353,"stat.fallOneCm":34438,"stat.pickup.abc.provodka":1,"stat.pickup.minecraft.porkchop":4,"stat.crouchOneCm":24336,"stat.pickup.abc.sabotagetool":1,"stat.sprintOneCm":1038142,"stat.useItem.minecraft.stone_slab2":709,"stat.drop.abc.knife":1,"stat.pickup.abc.knife":3,"stat.useItem.chiselsandbits.chiseled_clay":38,"stat.damageTaken":4530,"stat.useItem.chiselsandbits.chiseled_cloth":5,"stat.mobKills":2,"stat.useItem.chiselsandbits.chiseled_rock":22,"stat.flyOneCm":2842133,"stat.useItem.chiselsandbits.chiseled_iron":1,"stat.deaths":14,"stat.drop":1,"stat.playOneMinute":516658,"stat.sneakTime":9683,"stat.damageDealt":200,"stat.timeSinceDeath":16470,"stat.useItem.minecraft.spawn_egg":1,"stat.killEntity.Pig":2}