{"stat.pickup.abc.shotgun":110,"stat.leaveGame":19,"stat.useItem.chiselsandbits.block_bit":1009,"stat.useItem.minecraft.diamond_sword":2,"stat.jump":3441,"stat.pickup.abc.bloodblock":1,"stat.swimOneCm":706,"stat.fallOneCm":3135,"stat.drop.minecraft.stone":1,"stat.pickup.minecraft.porkchop":3,"stat.crouchOneCm":38474,"stat.useItem.minecraft.stone_slab2":736,"stat.pickup.abc.scanner":14,"stat.boatOneCm":2710,"stat.pickup.minecraft.repeater":1,"stat.damageTaken":36433,"stat.flyOneCm":1894852,"stat.useItem.chiselsandbits.chiseled_iron":30,"stat.pickup.minecraft.chain_command_block":2,"stat.drop.abc.shotgun":12,"stat.damageDealt":5907,"stat.pickup.minecraft.redstone":1,"stat.timeSinceDeath":89,"stat.useItem.minecraft.spawn_egg":2,"stat.killEntity.Pig":2,"stat.pickup.chiselsandbits.block_bit":1,"stat.walkOneCm":1544952,"stat.useItem.minecraft.torch":1,"stat.drop.abc.poison":20,"stat.playerKills":82,"stat.useItem.abc.poison":3,"stat.pickup.minecraft.wooden_button":2,"stat.pickup.minecraft.redstone_block":1,"stat.drop.abc.scanner":1,"stat.pickup.minecraft.totem_of_undying":1,"stat.pickup.minecraft.tallgrass":1,"stat.sprintOneCm":2351147,"stat.pickup.abc.poison":86,"stat.mobKills":2,"stat.useItem.chiselsandbits.chiseled_rock":59,"stat.useItem.minecraft.boat":2,"stat.deaths":51,"stat.drop":37,"stat.playOneMinute":627737,"stat.pickup.minecraft.torch":88,"stat.pickup.abc.injection":11,"stat.sneakTime":15940,"stat.drop.minecraft.torch":2,"stat.useItem.minecraft.fishing_rod":7,"stat.drop.minecraft.totem_of_undying":1}