{"stat.useItem.chiselsandbits.chiseled_wood":6,"stat.walkOneCm":675239,"stat.drop.abc.poison":1,"stat.playerKills":35,"stat.pickup.abc.shotgun":36,"stat.leaveGame":5,"stat.useItem.chiselsandbits.block_bit":439,"stat.jump":1000,"stat.swimOneCm":5413,"stat.fallOneCm":432,"stat.crouchOneCm":13769,"stat.sprintOneCm":799728,"stat.useItem.minecraft.stone_slab2":10,"stat.pickup.abc.scanner":7,"stat.pickup.abc.poison":13,"stat.damageTaken":25740,"stat.drop.chiselsandbits.block_bit":3,"stat.useItem.abc.scanner":1,"stat.flyOneCm":402000,"stat.deaths":36,"stat.drop":4,"stat.playOneMinute":237641,"stat.pickup.minecraft.torch":32,"stat.pickup.abc.injection":3,"stat.sneakTime":4014,"stat.damageDealt":4371,"stat.timeSinceDeath":2229,"stat.pickup.chiselsandbits.block_bit":3}