{"stat.useItem.chiselsandbits.chiseled_wood":6,"stat.walkOneCm":1171963,"stat.drop.abc.poison":10,"stat.playerKills":42,"stat.pickup.abc.shotgun":58,"stat.leaveGame":5,"stat.drop.abc.injection":1,"stat.useItem.chiselsandbits.block_bit":1264,"stat.drop.abc.scanner":1,"stat.jump":646,"stat.swimOneCm":1997,"stat.crouchOneCm":14742,"stat.useItem.abc.injection":1,"stat.sprintOneCm":1170382,"stat.useItem.minecraft.stone_slab2":30,"stat.pickup.abc.scanner":10,"stat.pickup.abc.poison":35,"stat.damageTaken":35595,"stat.useItem.chiselsandbits.chiseled_rock":2,"stat.flyOneCm":493007,"stat.deaths":52,"stat.drop":19,"stat.playOneMinute":321628,"stat.drop.abc.shotgun":7,"stat.pickup.minecraft.torch":30,"stat.pickup.abc.injection":10,"stat.sneakTime":6448,"stat.damageDealt":3574,"stat.timeSinceDeath":1873,"stat.pickup.chiselsandbits.block_bit":1}