{"stat.pickup.abc.scanner":9,"stat.walkOneCm":585565,"stat.pickup.abc.poison":39,"stat.drop.abc.poison":8,"stat.playerKills":31,"stat.pickup.abc.shotgun":58,"stat.leaveGame":1,"stat.damageTaken":30863,"stat.useItem.abc.poison":1,"stat.drop.abc.scanner":3,"stat.flyOneCm":457570,"stat.deaths":39,"stat.drop":22,"stat.jump":719,"stat.swimOneCm":2906,"stat.playOneMinute":166272,"stat.drop.abc.shotgun":9,"stat.pickup.minecraft.torch":43,"stat.pickup.abc.injection":3,"stat.sneakTime":8533,"stat.damageDealt":1877,"stat.crouchOneCm":15636,"stat.timeSinceDeath":599,"stat.drop.minecraft.torch":2,"stat.sprintOneCm":1443575,"stat.useItem.minecraft.stone_slab2":24,"stat.diveOneCm":195}