{"stat.walkOneCm":1456062,"stat.drop.abc.poison":1,"stat.playerKills":69,"stat.pickup.abc.shotgun":80,"stat.leaveGame":7,"stat.useItem.abc.poison":2,"stat.useItem.chiselsandbits.block_bit":230,"stat.jump":1105,"stat.swimOneCm":498,"stat.fallOneCm":365,"stat.crouchOneCm":21483,"stat.sprintOneCm":1077301,"stat.useItem.minecraft.stone_slab2":35,"stat.pickup.abc.scanner":9,"stat.pickup.abc.poison":48,"stat.damageTaken":47200,"stat.flyOneCm":483078,"stat.deaths":55,"stat.drop":6,"stat.playOneMinute":313839,"stat.drop.abc.shotgun":2,"stat.pickup.minecraft.torch":77,"stat.pickup.abc.injection":3,"stat.sneakTime":15337,"stat.damageDealt":3293,"stat.timeSinceDeath":789,"stat.drop.minecraft.torch":3,"stat.diveOneCm":147}