{"stat.pickup.abc.scanner":8,"stat.walkOneCm":681221,"stat.drop.abc.poison":2,"stat.pickup.abc.poison":31,"stat.playerKills":26,"stat.pickup.abc.shotgun":44,"stat.leaveGame":2,"stat.damageTaken":33763,"stat.useItem.abc.poison":1,"stat.flyOneCm":444107,"stat.deaths":40,"stat.drop":4,"stat.jump":628,"stat.swimOneCm":1333,"stat.playOneMinute":172366,"stat.drop.abc.shotgun":2,"stat.pickup.minecraft.torch":39,"stat.pickup.abc.injection":2,"stat.sneakTime":2422,"stat.damageDealt":535,"stat.crouchOneCm":996,"stat.timeSinceDeath":1997,"stat.sprintOneCm":1445622,"stat.useItem.minecraft.stone_slab2":22}