{"stat.pickup.abc.scanner":6,"stat.walkOneCm":1176554,"stat.pickup.abc.poison":17,"stat.drop.abc.poison":1,"stat.playerKills":20,"stat.pickup.abc.shotgun":29,"stat.leaveGame":2,"stat.damageTaken":38385,"stat.flyOneCm":350019,"stat.deaths":43,"stat.drop":4,"stat.jump":735,"stat.playOneMinute":171813,"stat.drop.abc.shotgun":2,"stat.pickup.minecraft.torch":21,"stat.sneakTime":8539,"stat.damageDealt":1675,"stat.crouchOneCm":13058,"stat.timeSinceDeath":1979,"stat.drop.minecraft.torch":1,"stat.sprintOneCm":187031,"stat.useItem.minecraft.stone_slab2":12}